timestamp,cpu_usage,memory_usage,network_io,pod_status,node_failure,disk_usage
2025-01-01 00:00:00,57.450712295168486,73.99355436586002,166.24108625128093,0,0,78.08919269392719
2025-01-01 00:01:00,47.92603548243223,69.24633682912769,192.77406646422412,2,0,64.15544708149562
2025-01-01 00:02:00,59.715328071510385,60.59630369920174,160.37900395000193,0,0,62.50642310577223
2025-01-01 00:03:00,72.84544784612038,53.53063222294426,184.60192351804798,2,0,67.78463402416261
2025-01-01 00:04:00,46.48769937914996,66.9822331361359,105.31926665231072,0,0,58.23037887230032
2025-01-01 00:05:00,46.487945645762295,63.934853854217494,210.66468536864693,0,0,88.20543907941816
2025-01-01 00:06:00,73.68819223261087,68.95193220027733,200.06027376811122,0,0,64.33605408785277
2025-01-01 00:07:00,61.51152093729363,66.35171801681969,159.14556844659046,0,0,78.31616786180403
2025-01-01 00:08:00,42.95788421097572,70.49552715319335,232.96228342162027,0,0,72.09470083647773
2025-01-01 00:09:00,58.13840065378947,54.64764788439432,246.87850688132792,0,0,60.15465949518032
2025-01-01 00:10:00,43.04873460781307,73.17394065634326,119.62200678155129,0,0,69.94045290787271
2025-01-01 00:11:00,43.01405369644615,61.975996046923996,161.86376107168928,0,0,77.84002779310748
2025-01-01 00:12:00,53.629434073490515,80.75260872625265,161.54288251063508,0,0,68.11738664913693
2025-01-01 00:13:00,21.300796330133032,53.10812181910432,153.00484494455677,0,0,81.93112945851028
2025-01-01 00:14:00,24.126232512304508,77.3596380316525,241.47374209658742,0,0,80.21515392781863
2025-01-01 00:15:00,41.56568706138541,61.979107834626475,190.30869306135983,0,0,79.1891485465833
2025-01-01 00:16:00,34.80753319498364,53.48581996385552,186.77425793446946,0,0,65.40343227727003
2025-01-01 00:17:00,54.71370998892911,55.16114165945678,99.80688177966232,0,0,59.20157552218513
2025-01-01 00:18:00,36.37963886718184,56.7965269180568,231.77090151046133,0,0,63.864123946372054
2025-01-01 00:19:00,28.815444479970626,64.24165946401916,138.03708025732638,0,0,71.9624094066672
2025-01-01 00:20:00,71.98473153382331,65.228354880355,202.9966315133164,0,0,75.45786713532355
2025-01-01 00:21:00,46.61335549270196,54.26299996061421,213.86884689790958,0,0,48.28428595239552
2025-01-01 00:22:00,51.012923070318855,59.756454077390174,268.03292979193253,0,0,69.91886798388249
2025-01-01 00:23:00,28.628777206798148,81.42270358611864,134.5589800440444,0,0,71.58089225323184
2025-01-01 00:24:00,41.834259132122256,77.27543170100711,49.024392208958744,0,0,67.22455743684448
2025-01-01 00:25:00,51.663838845647994,64.36323669674032,209.19247723768476,0,0,82.9127383901588
2025-01-01 00:26:00,32.73509633866546,60.380034781682,290.0255590755427,0,0,74.21780074250871
2025-01-01 00:27:00,55.63547027518508,61.200313267182615,261.9473176469719,0,0,83.10191908080897
2025-01-01 00:28:00,40.99041965121793,66.13517972730416,210.4829707637313,0,0,67.84039479649768
2025-01-01 00:29:00,45.62459375310085,49.77207434801595,175.41819071839763,0,0,79.37477492506925
2025-01-01 00:30:00,40.97440081655905,57.42623462576655,240.35612983186553,0,0,86.35066394527519
2025-01-01 00:31:00,77.78417276763406,43.314159261224106,151.32269001477658,0,0,83.11693449272661
2025-01-01 00:32:00,49.79754162893099,63.992231226052795,223.81788846781097,0,0,59.07858406571267
2025-01-01 00:33:00,34.13433606566149,66.4719593970274,225.27350795833135,0,0,67.46323922457618
2025-01-01 00:34:00,62.338173681547836,55.16813537700626,253.01049537494399,1,0,66.54835294550203
2025-01-01 00:35:00,31.687345250434667,75.73986763290033,337.9830019455539,0,0,74.89254535076327
2025-01-01 00:36:00,53.132953925071334,47.74234336997659,219.62079835893834,1,0,76.86353555014533
2025-01-01 00:37:00,20.604948141803366,45.3562511979018,174.55181871462506,0,0,61.61107325974264
2025-01-01 00:38:00,30.077209266523543,62.24451818559972,198.72128439040029,0,0,70.67838513916938
2025-01-01 00:39:00,52.952918538036855,70.47098302612154,111.54620475554408,0,0,49.800726678438636
2025-01-01 00:40:00,61.07699869993115,76.83927691457869,165.2643434455471,0,0,84.4194500580189
2025-01-01 00:41:00,52.57052421784956,55.4111573713106,179.5358780943448,0,0,64.87625759323306
2025-01-01 00:42:00,48.265275764176394,70.78680833431295,173.79558010327037,0,0,70.55863939844497
2025-01-01 00:43:00,45.48344456616067,59.61491530499293,207.6177436016861,0,0,66.90350286011939
2025-01-01 00:44:00,27.822170144488588,58.273727000591805,158.87900338088997,2,0,81.46027575013414
2025-01-01 00:45:00,39.20233687407937,68.83659937486672,256.05153336622357,0,0,41.62493558602621
2025-01-01 00:46:00,43.09041843560319,66.52322878413419,200.01035324590987,0,0,69.83389657674091
2025-01-01 00:47:00,65.85683339328374,44.236078430157505,199.53498394306928,0,0,68.94181242502302
2025-01-01 00:48:00,55.15427434352692,74.76540349725896,183.60526417435412,0,1,65.46363612408317
2025-01-01 00:49:00,23.55439766955899,73.80091354147451,207.75953419294896,0,0,87.26226545635632
2025-01-01 00:50:00,54.86125954092192,53.74437298490471,241.25491323338173,0,0,61.12670541144229
2025-01-01 00:51:00,44.22376579375525,63.95803533437409,156.64348921445497,1,0,77.71796177235662
2025-01-01 00:52:00,39.84616999541062,64.94030186282738,167.09417554623718,0,0,73.56252788706084
2025-01-01 00:53:00,59.175144332613016,62.60673765823907,184.81369856116677,0,0,82.61519252535516
2025-01-01 00:54:00,65.46499283743927,54.4969484615458,132.70645382633927,0,0,63.32810915222495
2025-01-01 00:55:00,123.63756745656579,102.98510953392505,307.3816852066177,1,1,62.67031100876241
2025-01-01 00:56:00,37.41173715166042,59.744459290085544,176.18895632276704,0,0,80.96069907477398
2025-01-01 00:57:00,45.36181436223178,71.72729019259364,243.71945903563636,0,0,74.2532130833011
2025-01-01 00:58:00,54.96895147105346,65.43600154594432,213.12806645009624,0,0,54.55062653323242
2025-01-01 00:59:00,64.63317690683539,56.29385667913894,209.6794955683772,0,0,64.60694985536729
2025-01-01 01:00:00,42.81238643232065,67.71698710648344,242.54489810839863,0,0,73.86382653848061
2025-01-01 01:01:00,100.02924219232743,66.7663080186685,409.1653382742012,1,1,78.3776422154659
2025-01-01 01:02:00,33.40497538990958,71.48765700372104,219.52324249644448,0,0,63.207693468070445
2025-01-01 01:03:00,32.05690063878994,42.60286221221901,194.83891235337518,0,0,40.85744010183059
2025-01-01 01:04:00,62.18788733591297,56.37559058596868,213.26811746998143,0,0,75.23223185737034
2025-01-01 01:05:00,70.34360042856234,48.803301053738565,170.86206711942089,0,0,57.796793100560244
2025-01-01 01:06:00,48.91984817629499,47.053185242790946,78.05914208617854,0,0,49.82661201877589
2025-01-01 01:07:00,65.05299346838036,71.6082678737852,193.2860418906848,0,0,41.676740750158594
2025-01-01 01:08:00,55.424540375714514,55.32298798688109,271.137406804997,0,0,78.1398086019774
2025-01-01 01:09:00,40.323203680923136,63.46503881730716,246.3107701120796,0,0,71.28617450404967
2025-01-01 01:10:00,55.42093408262621,59.53079421120816,248.26987422955852,0,0,67.74343619287748
2025-01-01 01:11:00,73.07054849698955,64.77040827223121,261.8065360903109,0,0,83.89024362962762
2025-01-01 01:12:00,49.46260941335073,60.768218910602556,204.43287954807187,0,0,76.37324683023073
2025-01-01 01:13:00,73.4696548372101,47.1700777581143,209.86578537027978,0,0,86.16300042721917
2025-01-01 01:14:00,10.703823438653835,69.9626681944714,169.1174052282825,0,0,56.072645278330036
2025-01-01 01:15:00,62.32853756562836,55.06243416838687,184.19635719864752,1,0,69.65449376046037
2025-01-01 01:16:00,51.30570602357257,44.434181013402494,230.78855748855707,0,0,53.83286625051986
2025-01-01 01:17:00,45.51488974301199,55.718848390340874,260.1942218584408,0,0,67.70617668144533
2025-01-01 01:18:00,51.37641164803254,75.00759790634311,193.02768621595,0,0,67.51384146233323
2025-01-01 01:19:00,20.186466280986608,68.50221742113493,177.49053675742942,0,0,76.26613637263071
2025-01-01 01:20:00,46.70492168243732,56.51347865592141,200.02639794282987,2,0,70.45563881141898
2025-01-01 01:21:00,55.3566885726762,56.50742295681571,230.06033744645575,0,0,76.23407138279916
2025-01-01 01:22:00,72.16841067112274,56.783649487826175,127.8072591933229,1,0,77.03440133138895
2025-01-01 01:23:00,42.22594672589529,80.76747983560841,85.1909523431381,1,0,91.54928677383143
2025-01-01 01:24:00,37.87259595660218,63.819354522315535,172.47315752542082,1,0,66.84703344713876
2025-01-01 01:25:00,42.47364434623195,64.3004164719107,138.96437870429207,0,0,60.58977299333621
2025-01-01 01:26:00,63.731031765531114,70.30283454031843,174.59299011763446,0,0,72.46083615316408
2025-01-01 01:27:00,54.93126664489527,62.387891590265134,192.61098405912642,0,0,61.97719972860457
2025-01-01 01:28:00,42.05359694349442,57.40957854179297,177.33757954884933,0,0,84.81960768436537
2025-01-01 01:29:00,57.699011496700344,58.03650150915022,272.62337672353726,0,0,67.16781961054767
2025-01-01 01:30:00,51.456163240220604,59.283987405859364,216.33723823011601,0,0,64.3442363212601
2025-01-01 01:31:00,64.52967485799334,59.627777634901584,215.02371798054142,0,0,65.28684278848883
2025-01-01 01:32:00,39.469203591839715,67.2762954363698,231.1103572021701,0,0,77.18417423471641
2025-01-01 01:33:00,45.085067801033475,60.519458858072994,143.05834411096154,0,0,68.42253016768515
2025-01-01 01:34:00,44.118377703017636,67.3264007721558,251.95558937101345,0,0,63.58333179869618
2025-01-01 01:35:00,28.04727577801822,59.19283419891418,196.211785673227,0,0,86.6535191762353
2025-01-01 01:36:00,54.44180415596864,60.786351903160906,233.5240308620606,0,0,61.4383015933825
2025-01-01 01:37:00,53.91582908269834,40.01799315467892,146.40713834799223,0,0,70.35566074032994
2025-01-01 01:38:00,50.07670184963691,69.16327674702481,122.31206169919679,0,0,76.5230615161023
2025-01-01 01:39:00,46.481192999372794,63.46488475897993,240.89448290125142,0,0,53.686648895829265
2025-01-01 01:40:00,28.769438869243785,69.98010109859652,218.82047630487583,1,0,74.80260501405925
2025-01-01 01:41:00,43.69032015851961,31.037446218063106,154.89742228212447,0,0,59.4489232451955
2025-01-01 01:42:00,44.85928225209846,80.88374704780728,156.51684593626527,0,0,78.22782780834002
2025-01-01 01:43:00,37.96584096167572,58.604103718448265,256.2717392207385,0,0,60.37348988081024
2025-01-01 01:44:00,47.580714325009865,71.08182816737516,140.52940535663362,0,0,76.9276903184886
2025-01-01 01:45:00,56.060762852218076,49.60094072874469,282.1336476627982,0,0,81.05833066294713
2025-01-01 01:46:00,78.29278851815795,66.12773905062569,154.96896326760657,0,0,78.61436525632806
2025-01-01 01:47:00,52.61866719247759,49.46584436826344,231.91959628041914,0,0,72.51316648238102
2025-01-01 01:48:00,53.86325586084146,53.76231039304195,183.56907621255078,0,0,67.686990570703
2025-01-01 01:49:00,48.883311263507494,79.14031353866787,230.15937155411714,0,0,64.23580423665156
2025-01-01 01:50:00,21.21843177051438,58.09317599236653,172.79429989429036,0,0,84.71034690817103
2025-01-01 01:51:00,49.602291868261744,62.17432873179723,191.8603546963853,2,0,63.00504779832357
2025-01-01 01:52:00,50.9034531491154,68.70067730688754,202.04595876978607,2,0,59.62933926430004
2025-01-01 01:53:00,86.94863168727929,64.95681887972604,149.89062721092637,0,0,76.6536893503283
2025-01-01 01:54:00,47.114585528283165,61.504189051435766,237.0412172710063,0,0,62.03863196813505
2025-01-01 01:55:00,54.523210135004184,63.64961002466225,174.33932167642075,0,0,60.499365025338726
2025-01-01 01:56:00,49.47932345442135,84.03415585238275,188.57000423299908,0,0,55.56395737830235
2025-01-01 01:57:00,32.46982943570702,59.42381202966415,150.28253126957438,0,0,65.17090160539482
2025-01-01 01:58:00,67.14234221772531,62.010990467149675,71.88331706023448,1,0,69.17284976103507
2025-01-01 01:59:00,61.27899549030161,70.50654396007612,190.44861186999154,0,0,72.43091727660699
2025-01-01 02:00:00,61.865479205645705,71.05525932957984,320.6307710806458,0,0,79.51306244299484
2025-01-01 02:01:00,36.35918817807892,71.8703030556038,239.2302143949012,0,0,75.26897923665794
2025-01-01 02:02:00,71.04191466404149,66.38730222029184,199.03698101328027,2,0,68.0912778044682
2025-01-01 02:03:00,28.972234058115788,48.569950872695166,186.8554585395866,0,0,68.0180432362028
2025-01-01 02:04:00,58.80285640700406,76.33431532301096,201.12329464060232,0,0,75.10157468915183
2025-01-01 02:05:00,82.85683438714968,48.53654606981312,227.3559557587605,0,0,82.7257016292857
2025-01-01 02:06:00,35.14195512303968,63.02635465239033,140.95935923455775,0,0,71.263141994832
2025-01-01 02:07:00,41.50553405595842,52.45724149980642,255.7160847334436,0,0,65.3086914578959
2025-01-01 02:08:00,51.49477047631462,59.35861653407007,235.76906577206222,1,0,60.07133998914455
2025-01-01 02:09:00,42.44786518825701,63.2876241030348,235.90928628539672,0,0,55.547947355877746
2025-01-01 02:10:00,26.74004853400801,63.21357215450273,221.92378694048637,0,0,76.66269672043524
2025-01-01 02:11:00,51.02844462209041,64.21920754235285,200.98083288469948,0,0,75.77978523639557
2025-01-01 02:12:00,34.06544429410843,76.13711269058646,233.643061798341,0,0,75.77363525106662
2025-01-01 02:13:00,121.24139706448622,137.01966069747075,487.46065736684244,1,1,68.71340553647944
2025-01-01 02:14:00,36.20863648649295,57.558433647093516,182.2979644529488,0,0,84.0693474589175
2025-01-01 02:15:00,73.24901607526309,69.64087168288357,171.31991135515494,0,0,65.15881505415183
2025-01-01 02:16:00,38.251200614956446,71.89470488924641,205.09281476309934,0,0,79.55269237207206
2025-01-01 02:17:00,45.16907725691487,47.72392184863008,277.4510075747594,0,0,69.61257105010456
2025-01-01 02:18:00,62.202758260545046,65.97400069849859,138.04464621730494,0,0,63.91649235320662
2025-01-01 02:19:00,31.53703525349067,67.01172742310898,126.623736712378,1,0,75.92530307317762
2025-01-01 02:20:00,53.41189901906194,57.02436496640008,208.23804206182584,0,0,74.09636118683994
2025-01-01 02:21:00,69.60714131423643,73.75706813311619,202.5443850928009,0,0,73.56972759266927
2025-01-01 02:22:00,25.88775148158159,58.499444129674735,208.66708321852042,0,0,70.812784220562
2025-01-01 02:23:00,52.769507877984566,61.255764534715425,212.197659895425,0,0,69.62106918283169
2025-01-01 02:24:00,53.89824191372635,58.2692817571613,188.83988726825976,0,0,93.88371992870438
2025-01-01 02:25:00,61.72734307665966,60.155790475814676,274.4931719301041,0,0,81.84256645196173
2025-01-01 02:26:00,31.445739336828773,49.037249131047986,119.95480107617422,0,0,77.22826894985512
2025-01-01 02:27:00,30.193150803735854,45.59949117405706,158.5751487609877,0,0,71.11799158203388
2025-01-01 02:28:00,57.829123484253465,75.94505063224972,194.83726199254764,0,0,80.07157200596669
2025-01-01 02:29:00,54.45477009849779,51.53038651681672,117.84055944229164,0,0,75.17994776391451
2025-01-01 02:30:00,53.75739275518815,50.08607650543693,191.20727977839644,2,0,70.26204752774035
2025-01-01 02:31:00,55.19672314245464,38.466098863962856,283.0735082864009,0,0,66.96435674734084
2025-01-01 02:32:00,39.79962917632264,53.610382523104974,201.0443244147981,0,0,69.19082662337311
2025-01-01 02:33:00,53.48380545741505,46.76910206592502,211.5350452859342,1,0,38.29574264121945
2025-01-01 02:34:00,54.39608709948022,76.4201516013637,136.991761741371,1,0,72.10600839297642
2025-01-01 02:35:00,39.28472872960448,70.09817089342634,169.18192959802613,0,0,65.1152391988964
2025-01-01 02:36:00,77.98661766717134,53.118496548222765,181.24018098380316,0,0,85.92669998282884
2025-01-01 02:37:00,57.10749381367681,82.52435805344308,184.1142451621883,0,0,70.19344070811755
2025-01-01 02:38:00,32.13044754196027,69.81765486991594,264.08218975018843,0,0,58.110365804650385
2025-01-01 02:39:00,59.84830412950745,56.75168616491378,227.88455303625622,0,0,69.50119845871882
2025-01-01 02:40:00,35.379774946590175,35.005942851264265,144.4271021531484,0,0,59.538789149374956
2025-01-01 02:41:00,61.806269056136784,82.90942572590743,212.32523892160023,0,0,74.73407415712467
2025-01-01 02:42:00,67.37893368511106,46.10427533236404,224.91108742483925,0,0,72.90947364339485
2025-01-01 02:43:00,37.68976522472434,43.546012530431085,257.0074519260633,0,0,79.57839631108267
2025-01-01 02:44:00,64.45064193866483,70.2257043200964,279.02703432841867,0,0,62.09118208305435
2025-01-01 02:45:00,56.191713904047475,84.39752406339272,149.24529040860656,0,0,70.34008096228146
2025-01-01 02:46:00,62.33090239991735,73.84272818510519,159.4571244394831,0,0,56.34978204573365
2025-01-01 02:47:00,78.4518947398092,65.6390912005236,137.1211070542692,0,0,77.01494781924714
2025-01-01 02:48:00,46.31917825995694,65.94754341665286,188.29900704465092,2,0,75.18871180440122
2025-01-01 02:49:00,38.693957534637654,68.53415558780307,223.31791872231673,0,0,74.9580502102757
2025-01-01 02:50:00,36.65728355561715,67.58928589786765,249.3667258294551,0,0,70.01619031356941
2025-01-01 02:51:00,37.762845725518424,62.811914239693756,196.20244881787386,0,0,74.14772890788791
2025-01-01 02:52:00,48.843474358788434,61.04201103951876,184.0076238372578,0,0,86.04339108308596
2025-01-01 02:53:00,55.117279622249654,59.374068721004775,207.587899612437,1,0,67.14905742957986
2025-01-01 02:54:00,54.150361989950284,52.46035411133324,158.24285491849884,0,0,71.38645183710085
2025-01-01 02:55:00,62.40774873554036,57.19324923133226,304.47693608473867,0,0,59.1387370081859
2025-01-01 02:56:00,50.19502837816861,43.07043185804615,119.61694864409706,0,0,61.317390384016676
2025-01-01 02:57:00,148.9176626328913,122.39897105496254,433.9524037288847,1,1,70.97813293093307
2025-01-01 02:58:00,46.03014750143066,50.11408892849083,301.18031096148195,0,1,81.03933546701907
2025-01-01 02:59:00,90.80253749884429,48.964106827842286,200.3399922279999,0,0,67.43719175748427
2025-01-01 03:00:00,59.385010216475095,61.798941511534785,190.49804824992526,0,0,67.64083470687876
2025-01-01 03:01:00,37.14263665375576,73.920022863446,182.12772885947865,0,0,65.93114755495625
2025-01-01 03:02:00,33.93661252908332,69.18316606002313,190.98041591187962,0,0,64.65243329155678
2025-01-01 03:03:00,57.23708622864778,44.29499396376823,268.6424237338265,1,0,72.94971455708821
2025-01-01 03:04:00,46.64805822011223,50.10371863429663,89.40690443352466,0,0,55.027423548213555
2025-01-01 03:05:00,60.71000741138138,69.40771187988216,276.6716850648163,0,0,82.80939576666728
2025-01-01 03:06:00,57.09856436860317,50.175126064616904,128.80214237749274,0,0,63.34577701870539
2025-01-01 03:07:00,48.90756631014691,57.753668500029754,186.66738353827927,1,0,77.21903485438142
2025-01-01 03:08:00,37.29809422897392,65.50052099024552,178.5377789850669,0,1,57.30001402606124
2025-01-01 03:09:00,27.277291629712032,50.31655545136365,229.42766348853598,0,0,76.68840130546218
2025-01-01 03:10:00,43.302275718994686,61.0537550614596,120.09378240581262,0,0,76.71944607814497
2025-01-01 03:11:00,62.84598191485209,46.65974505081795,223.10863330409714,0,0,73.84202072005897
2025-01-01 03:12:00,53.21140616195306,53.98632356048786,301.21548116434263,0,0,60.05571478200208
2025-01-01 03:13:00,31.31391831932018,63.19781934142537,131.84129977035948,0,0,72.49548189598077
2025-01-01 03:14:00,52.59771388776773,44.070062664683306,209.48530838051977,0,0,58.16943815265611
2025-01-01 03:15:00,55.77976069593255,64.40474737960399,166.90089111016954,0,0,67.47236744903815
2025-01-01 03:16:00,36.74213845698301,59.803622010733186,221.29436030965178,0,0,80.29413100955325
2025-01-01 03:17:00,52.305876589182915,65.52489954417148,200.9573888707876,0,0,77.96701927070742
2025-01-01 03:18:00,50.87313077669,62.23914134064661,167.92565454778452,0,0,70.15182942540433
2025-01-01 03:19:00,32.85544553254066,73.64140429973844,224.3936142435537,0,0,60.25193424077158
2025-01-01 03:20:00,55.36681040522425,61.25224502647907,290.2174054893371,0,0,76.45587712174193
2025-01-01 03:21:00,58.41176789552352,55.70594458874747,190.45481041363507,0,0,70.19381237698025
2025-01-01 03:22:00,66.24576864762915,61.222975030322836,235.98789710740908,0,0,46.79684401769577
2025-01-01 03:23:00,65.80703078052355,65.43298029036387,135.3363521064418,0,0,77.82629826316519
2025-01-01 03:24:00,29.334959480643633,60.48860070325704,152.17818115909955,0,0,69.75767166130308
2025-01-01 03:25:00,35.93262440127316,60.405916912038826,223.62031389401886,0,0,82.02451247983072
2025-01-01 03:26:00,57.7255290081299,52.980083121932445,274.20580142679825,0,0,59.04729481157195
2025-01-01 03:27:00,57.706789263683135,53.37099082449052,217.780667439283,0,0,38.23296186803999
2025-01-01 03:28:00,57.72571529459072,45.97394728200307,184.3470984738423,0,0,72.79083858345186
2025-01-01 03:29:00,100.0,77.4957674318694,199.9645702711677,0,0,72.91563676681973
2025-01-01 03:30:00,58.56335766039751,47.56136764608715,137.47961330151412,0,0,53.093283723935485
2025-01-01 03:31:00,67.03348460270898,53.07094802204092,230.22576631776835,0,0,60.21500454133394
2025-01-01 03:32:00,64.31002645239803,52.81592734430802,244.11665311617045,0,0,97.55217743719902
2025-01-01 03:33:00,59.77086876958697,68.94924376944441,177.39548335834598,0,0,66.94389385846196
2025-01-01 03:34:00,45.27096133039482,57.05050321707972,176.49789261202494,1,0,77.30958976376216
2025-01-01 03:35:00,61.38453830739901,72.47742072673734,213.29391148260243,1,0,63.493401726316165
2025-01-01 03:36:00,38.40762178193643,53.26509375756132,178.16401319797023,0,0,49.09697101146843
2025-01-01 03:37:00,46.44772089889987,62.78994162223802,196.69336926870886,0,0,68.29741753204094
2025-01-01 03:38:00,42.71954678256345,51.64652946740243,304.98608945832575,0,0,67.34395439713894
2025-01-01 03:39:00,51.22811209079484,81.45149127773388,187.64871496270015,0,0,66.00121761331629
2025-01-01 03:40:00,84.71987850010262,48.12401580970487,182.0829923989389,0,0,68.85359164493607
2025-01-01 03:41:00,21.99102211112378,63.09820710227027,167.62290971824206,0,0,72.64268271645636
2025-01-01 03:42:00,60.2939028556177,66.33776880932099,237.20959857499685,0,0,68.49883048746193
2025-01-01 03:43:00,25.809261932155223,64.13799097451498,190.93879133909485,0,0,57.35993832052636
2025-01-01 03:44:00,42.9210220131585,58.147123411222914,167.5313480839287,0,0,74.86184791561939
2025-01-01 03:45:00,66.33425895451049,58.70179300266574,266.06520161365063,0,0,50.50628244677577
2025-01-01 03:46:00,50.96420028643194,60.438114719791095,270.9801502256819,0,0,49.496425427158
2025-01-01 03:47:00,33.83382833106041,58.529979983715116,169.97882171306475,0,0,77.39180494701569
2025-01-01 03:48:00,39.27044436110047,69.6387911679491,106.6730024319692,0,0,75.07020272135357
2025-01-01 03:49:00,60.19396623402014,82.10523001591352,250.3756844918461,0,0,69.42604634925964
2025-01-01 03:50:00,39.04450052424295,54.425082149921664,165.7685087119998,0,0,56.04551495244928
2025-01-01 03:51:00,53.246878843729625,46.301970204209226,239.53127995813844,2,0,62.920890593259244
2025-01-01 03:52:00,50.68357759855721,59.117179516487454,101.49480911440823,0,0,67.37253252313496
2025-01-01 03:53:00,40.22599478591275,85.79709337654319,244.62986691496548,2,0,54.041060314258864
2025-01-01 03:54:00,82.15916133987989,51.963254320302696,139.44140353596094,2,0,62.60971341976767
2025-01-01 03:55:00,59.50878533477017,76.39116805444067,236.5382059533262,0,0,76.5233033817668
2025-01-01 03:56:00,19.622861200135894,76.77700814076441,200.7136533918217,0,0,84.27305364289217
2025-01-01 03:57:00,52.796814721541416,54.46411758292005,152.30302903016775,0,0,65.8056524734145
2025-01-01 03:58:00,40.07320302847418,65.68983079185276,179.64818435366098,1,0,77.56488354316099
2025-01-01 03:59:00,62.78650002194336,76.28396623128538,234.31592284783505,0,0,50.859399294125325
2025-01-01 04:00:00,38.11218892350949,56.20872259012513,205.29472265576172,0,0,76.59451241113612
2025-01-01 04:01:00,48.278953377996515,57.964196398976384,229.22064902362422,0,0,61.96051585272519
2025-01-01 04:02:00,57.57480918470686,54.18319086051356,298.82202922577426,0,0,73.0734561670797
2025-01-01 04:03:00,62.98632791255182,49.852432693071336,121.78791941444743,0,0,67.52247581760291
2025-01-01 04:04:00,31.995553894163358,53.50722454933993,280.86062874843117,0,0,83.20414009783835
2025-01-01 04:05:00,44.98248146238578,47.760597332377436,205.21779687616063,0,0,61.25564351660082
2025-01-01 04:06:00,42.87582033258566,60.34083468259226,155.0607975838436,1,0,76.27606297561832
2025-01-01 04:07:00,40.200061511394324,52.30026768941358,133.48431871305053,0,0,67.20492536703466
2025-01-01 04:08:00,76.48181360421646,62.33785911790748,190.54398046114832,1,0,68.41694521990337
2025-01-01 04:09:00,56.07472566441433,44.44104353796373,246.08250559622297,0,0,68.1614610684079
2025-01-01 04:10:00,31.086740684974323,63.30880232214457,193.6225439811233,0,0,61.54326895505887
2025-01-01 04:11:00,63.767929205821645,68.33528961608924,275.5577465123674,0,0,69.85901034093328
2025-01-01 04:12:00,81.8323429551895,40.062643574285445,127.44121549742205,0,0,69.37351777878179
2025-01-01 04:13:00,65.4869789082672,63.74056569847572,199.39555260769728,0,0,72.41240248406729
2025-01-01 04:14:00,27.2094505106898,72.27668992473292,137.38032777934404,0,0,70.84505145692863
2025-01-01 04:15:00,42.73648890700623,47.90358981308795,218.1815941312484,0,0,77.97994549612237
2025-01-01 04:16:00,69.00366723779933,76.72572386837703,244.34436950486503,1,0,79.23508616047368
2025-01-01 04:17:00,39.38495801571829,64.19019009366045,178.96191031594734,2,0,59.49376678172199
2025-01-01 04:18:00,56.657291422193424,52.949881442415915,69.78930716864329,0,0,78.68772500590771
2025-01-01 04:19:00,61.61951080144005,59.44230922342294,209.94740733982474,0,0,58.13663572890145
2025-01-01 04:20:00,36.09604292632876,65.58326912521723,221.83692758667547,0,0,75.87855888137734
2025-01-01 04:21:00,49.107119659073,60.760053914124114,220.21473774808487,0,0,76.1973878470287
2025-01-01 04:22:00,1.380989898963911,65.38755992446369,261.7891095911077,1,0,50.88683108337496
2025-01-01 04:23:00,34.63418537998565,50.79326406920634,146.44731601754756,0,0,70.9297924652941
2025-01-01 04:24:00,46.2114777291026,61.69360824036078,234.01080527252248,0,0,65.31503886639685
2025-01-01 04:25:00,31.283252270527257,45.8628550309502,259.6253756238988,2,0,62.41234742064625
2025-01-01 04:26:00,74.48616955897452,58.887739386513,111.07062079967416,0,0,83.50852330699006
2025-01-01 04:27:00,28.54787933059051,50.960923585352106,215.98259129594885,0,0,63.46320859362581
2025-01-01 04:28:00,43.39933269954524,52.64470057410233,174.7910084496164,0,0,61.9362307088195
2025-01-01 04:29:00,51.96110865929137,72.36093175210438,195.9238663449177,0,0,70.75694940005093
2025-01-01 04:30:00,71.61909933599173,70.9131012059427,217.38382417691682,0,0,76.85589746298416
2025-01-01 04:31:00,28.46206773230841,66.09138120907177,175.6385717943224,0,0,68.58351413989872
2025-01-01 04:32:00,67.4474562823244,49.07687235327421,166.2145960419194,0,1,81.66370545669253
2025-01-01 04:33:00,50.1534959152938,56.83591550305198,201.70762087440124,0,0,75.30975661964091
2025-01-01 04:34:00,35.27737023428074,72.13097699979184,145.63770305685986,0,0,48.2178868026857
2025-01-01 04:35:00,56.93155211394906,61.417169136399046,145.70874355574074,0,0,64.70533036492992
2025-01-01 04:36:00,52.98589543360205,83.19329539981695,233.96866414782517,0,0,64.38157900648301
2025-01-01 04:37:00,40.99674684261808,63.93317839394372,142.5602982420672,0,0,74.79360953429422
2025-01-01 04:38:00,51.04703127485028,61.92049116490031,233.3156250454606,0,0,43.75182943625888
2025-01-01 04:39:00,44.220296047073596,56.908835357974986,223.12956464269757,0,0,95.49009708717722
2025-01-01 04:40:00,51.70276017876872,61.33540904782282,113.70966356047016,0,0,75.3102609489421
2025-01-01 04:41:00,100.8430221995633,98.39201203219125,279.52066048106127,1,1,71.4887680391769
2025-01-01 04:42:00,73.79025224218029,67.0810867668859,259.7054701523686,0,0,81.81567716419147
2025-01-01 04:43:00,31.432767517597263,69.56702316794585,150.94172344301592,0,0,93.43654052812624
2025-01-01 04:44:00,81.995500619844,52.140105394920504,176.7797868845306,0,0,78.70746644588404
2025-01-01 04:45:00,20.718683007162472,46.68767046442222,223.1030446625948,0,0,79.4881309647162
2025-01-01 04:46:00,47.72322357446625,41.637946268967035,239.16952546412978,0,0,71.30690024464383
2025-01-01 04:47:00,58.82475809726865,65.07991326912544,187.42305569777523,0,0,68.58474246633051
2025-01-01 04:48:00,54.21487801602549,48.966333938261265,170.12449026541793,0,0,65.242045559951
2025-01-01 04:49:00,40.659507202691096,38.471094070475175,271.1184930849254,0,0,61.73888008285458
2025-01-01 04:50:00,46.87816624464087,63.885786045309644,286.94498318987894,0,0,63.12985900300502
2025-01-01 04:51:00,42.604985980117505,84.9299951743279,248.94290253908977,1,0,56.494440356570166
2025-01-01 04:52:00,41.15952864583683,59.939290884601064,204.2659071282512,0,0,69.24128549314976
2025-01-01 04:53:00,62.744031455315366,68.38490774451643,159.5867139179537,0,0,53.153324227736135
2025-01-01 04:54:00,55.35523228947571,60.81829358547565,158.47777967217172,0,0,71.90916524143711
2025-01-01 04:55:00,39.60635607109019,59.01110346808857,226.12570526328787,0,0,69.63669391957659
2025-01-01 04:56:00,63.493998131498756,69.19076482987768,220.91991104443417,0,0,71.46935298386688
2025-01-01 04:57:00,54.60949281314914,57.097254558113484,270.0799296473215,0,0,64.77868429980008
2025-01-01 04:58:00,62.1929317825844,62.673923140719026,232.52250462680695,0,0,100.0
2025-01-01 04:59:00,59.44443262885419,63.216978061960134,124.8459849120091,0,0,83.60115900180313
2025-01-01 05:00:00,37.56507483616892,53.31909546356951,252.5973808861459,0,0,57.55457499915277
2025-01-01 05:01:00,41.597284397045456,69.92042349536523,150.09696863427936,0,0,72.32868087426898
2025-01-01 05:02:00,61.20940407684893,58.25040243304591,180.80143640238242,0,0,63.91993857062676
2025-01-01 05:03:00,59.155553981501974,52.442548405071555,212.5100103125847,0,0,59.85520273292586
2025-01-01 05:04:00,49.68647609053778,65.36509843570404,299.7833744891982,2,0,56.599279288760656
2025-01-01 05:05:00,51.75991074963173,51.015320182089624,355.4959278002681,0,0,74.32216690759253
2025-01-01 05:06:00,69.16497343682637,60.281811573691286,230.33615295680914,1,0,63.18619764930426
2025-01-01 05:07:00,41.12642916746255,59.90881003355796,190.8401690639806,0,0,79.67826024025204
2025-01-01 05:08:00,58.20646071755057,70.85895565831578,226.7252824240275,0,1,79.9378221453044
2025-01-01 05:09:00,46.96711021349159,64.74698232879953,244.3827712936918,0,0,83.7391438521145
2025-01-01 05:10:00,46.73478195159169,59.74973041254856,183.96661872214042,0,0,61.47613233925897
2025-01-01 05:11:00,66.48165277980786,68.17766299200287,289.7605677956161,0,0,74.7536561069201
2025-01-01 05:12:00,62.38124523482045,73.90207549017313,211.5035379595701,0,0,76.32454216642302
2025-01-01 05:13:00,62.20264454000958,65.57810306351863,224.88715445456972,0,0,65.25821824896035
2025-01-01 05:14:00,69.58218210731494,60.103526198433805,233.29621260272307,1,0,62.28228042607125
2025-01-01 05:15:00,50.31505762449139,46.8816376764984,221.07933053072279,0,0,86.09520665775973
2025-01-01 05:16:00,94.82671299260643,77.6962529061808,380.9282719536225,1,1,72.27495875732053
2025-01-01 05:17:00,45.34599865109816,56.94775295645332,169.13734067265383,0,0,76.35967750711738
2025-01-01 05:18:00,54.86249528732663,53.90487797840717,172.08491230269848,0,0,61.77923988172073
2025-01-01 05:19:00,48.047854184484734,58.13028697014554,144.99228835141525,0,0,57.80715533477806
2025-01-01 05:20:00,51.45493947489077,60.56649924897107,221.9750615310113,0,0,64.30550225507889
2025-01-01 05:21:00,58.9273553815537,65.2969275435673,238.9468251756057,1,0,68.75978612610002
2025-01-01 05:22:00,37.726689751497915,59.29501221940909,222.8886433075943,0,0,59.35779993182651
2025-01-01 05:23:00,81.3858091352819,64.86501643826202,283.7246216673769,0,0,69.90155191349616
2025-01-01 05:24:00,34.90973927750447,60.6447441481012,199.72019905854768,0,0,53.114948119315
2025-01-01 05:25:00,31.78717080818402,40.24533433646128,233.43708277962563,1,0,58.79952577530128
2025-01-01 05:26:00,67.37166310250102,50.606646061812455,145.4149561930343,0,0,76.70911248276875
2025-01-01 05:27:00,61.87494040944404,58.55912444278385,180.64501487627996,0,0,76.03790520277894
2025-01-01 05:28:00,59.36179725578233,47.90305257158892,234.77688787828887,0,0,66.08123234613133
2025-01-01 05:29:00,59.4251826389642,65.99928729996205,242.4551055371572,0,0,59.82235690923047
2025-01-01 05:30:00,49.81629840729628,75.30750832343698,185.30165261679088,0,0,59.72596448473989
2025-01-01 05:31:00,36.54118442771252,72.18761851697317,196.42003740709666,0,0,66.26731754058686
2025-01-01 05:32:00,51.137068372905894,57.86557129069792,124.10631266595954,0,0,76.44518491645292
2025-01-01 05:33:00,39.842574327318324,74.90726136849952,182.14853995966953,0,0,79.28245691344324
2025-01-01 05:34:00,64.62679600126627,61.486674572021116,244.5191581759893,0,0,65.03468264518031
2025-01-01 05:35:00,47.79413927746792,56.629140288819606,228.76025080532833,0,0,58.46507574015216
2025-01-01 05:36:00,37.61754204811233,53.8659733645906,225.0332860690605,0,0,72.67843637866333
2025-01-01 05:37:00,45.1792123752051,56.975303135118715,202.488684359048,0,0,61.764650293741504
2025-01-01 05:38:00,56.193971814134365,56.118231814587716,200.35315793140882,0,0,64.81747361138798
2025-01-01 05:39:00,41.54413170794038,61.70416222375488,166.98394302632764,0,0,83.25276090437038
2025-01-01 05:40:00,37.666694066503524,61.60573981049865,234.94142101012673,0,0,78.27115428565767
2025-01-01 05:41:00,53.65530817237868,60.03046020153415,221.0486472194695,0,0,71.57974312251451
2025-01-01 05:42:00,53.674498566630845,64.3693816974635,224.60094239963996,1,0,57.280809988872775
2025-01-01 05:43:00,42.39585236943305,71.90646274786342,173.698257866621,0,0,72.11396567470659
2025-01-01 05:44:00,42.93442541572516,69.49554135441323,92.33285400643778,0,0,80.62657290787527
2025-01-01 05:45:00,53.480749060364545,45.151020315500965,254.8576355876848,0,0,66.24366334234465
2025-01-01 05:46:00,28.27873487754014,34.46078865098045,176.0581271995798,0,0,83.51114089986714
2025-01-01 05:47:00,28.888043384351672,69.34319911239274,156.86121179784396,0,0,82.92745289518207
2025-01-01 05:48:00,39.22333668121346,46.33121301584579,234.67394559569968,0,0,86.63732832143474
2025-01-01 05:49:00,46.798292724322295,57.75234598107316,180.3993680040435,0,0,73.05243126531353
2025-01-01 05:50:00,54.66361348397007,48.298869739406406,252.9968192023311,0,0,75.87391699806012
2025-01-01 05:51:00,72.13034325424329,41.9801956241998,230.85029747883488,0,0,84.1418728833109
2025-01-01 05:52:00,62.86489434803029,65.41462728204787,234.17846616002387,0,0,74.47393937068975
2025-01-01 05:53:00,47.60092205054859,67.59155160302647,131.7022144399733,0,0,64.98765892209788
2025-01-01 05:54:00,49.71475688145967,54.2348959927328,260.59719926932,0,0,65.51457163472139
2025-01-01 05:55:00,34.96205953043287,34.0895770785509,213.0625265616928,1,0,72.38554953773739
2025-01-01 05:56:00,49.72230296011415,54.53755551747517,181.53614303768984,2,0,57.09438578053781
2025-01-01 05:57:00,45.670120416197925,63.91804005402547,207.16942336711256,0,0,68.56741084635807
2025-01-01 05:58:00,54.84077840507134,45.21088431225871,111.188238355084,0,0,80.96547118230254
2025-01-01 05:59:00,37.59153584671515,61.83359919779156,220.43264057403354,0,0,48.08746148834719
2025-01-01 06:00:00,57.79019771361759,59.846901508270044,148.53142459089642,0,0,85.34482101794515
2025-01-01 06:01:00,72.99108369503867,65.79291499601088,132.36648570782327,0,0,81.22374218703159
2025-01-01 06:02:00,48.36859777314714,61.19580368414153,123.88204068910544,0,0,65.40235384169523
2025-01-01 06:03:00,56.02567583148412,50.26931059118444,255.63441874949626,0,1,75.43390827871809
2025-01-01 06:04:00,60.352159875666686,71.96571501664491,168.53683031536056,0,0,70.03147726906326
2025-01-01 06:05:00,43.98169292171246,58.4147042697303,276.686385495825,0,0,82.29990368438683
2025-01-01 06:06:00,53.36138722715625,59.72695460490068,173.2099268473851,0,0,79.82683142769942
2025-01-01 06:07:00,50.18888601172692,50.667320409268044,114.63210212035267,0,0,55.99929276816991
2025-01-01 06:08:00,51.465141478232475,55.567177488084894,144.17377800256705,0,0,75.87262413464177
2025-01-01 06:09:00,38.404853242168,51.15197285973099,261.79058100034695,2,0,67.94372146356753
2025-01-01 06:10:00,50.36765261388414,58.27053940076577,192.20509110316664,0,0,70.828325705181
2025-01-01 06:11:00,57.46997436868175,77.11708480142343,172.58563517546995,0,0,62.71828099030184
2025-01-01 06:12:00,71.76715411692562,46.28098857068643,208.0009112926394,1,0,87.48137069120835
2025-01-01 06:13:00,64.3890623912781,43.86438602123259,225.08913680837725,2,0,80.40061819902576
2025-01-01 06:14:00,82.29773686267335,74.71170327493608,255.86994079512306,0,0,62.60228836027033
2025-01-01 06:15:00,38.489786556679256,57.90676322848134,272.4249614946463,0,0,56.653893930897674
2025-01-01 06:16:00,63.08480955081017,53.309272613400836,182.0115677105457,0,0,66.14327369022152
2025-01-01 06:17:00,52.75013008607527,70.39904687396077,133.6976156958981,0,0,74.34502646091306
2025-01-01 06:18:00,82.8470439982651,53.94384460263136,179.3267419438362,0,0,72.40205843946222
2025-01-01 06:19:00,37.87552571967273,78.26009713546937,213.01402532914432,0,0,82.53132824768244
2025-01-01 06:20:00,37.40417236728836,66.7792587133927,151.81205368946945,0,0,77.89919722180852
2025-01-01 06:21:00,41.009110318339665,55.120885918542974,152.14245425524786,0,0,79.69569025752907
2025-01-01 06:22:00,18.141564135352898,81.57308213265503,217.18939407749428,0,0,73.26855400610437
2025-01-01 06:23:00,42.113674674788584,53.94285076996662,197.56738242147745,0,0,56.1070126978901
2025-01-01 06:24:00,38.61301007669453,67.42095372009307,201.63984977057933,0,0,68.04301468853099
2025-01-01 06:25:00,52.25590679714311,62.99292580406492,162.07523326499654,0,0,80.60089739908665
2025-01-01 06:26:00,55.12633963665739,73.01741289398798,188.47996428971163,0,0,69.48477071475354
2025-01-01 06:27:00,78.14256258823829,75.61511196726853,153.7883427865848,0,0,75.03090368623747
2025-01-01 06:28:00,64.25635757279075,60.320041490657665,244.50992055623934,0,0,66.81251684753867
2025-01-01 06:29:00,41.346445165063955,52.46582129653817,251.76246673618763,1,0,59.70188151458155
2025-01-01 06:30:00,36.52377992977463,64.59972142939117,107.6906068880953,0,0,68.76655935953889
2025-01-01 06:31:00,57.37878757259759,53.22284630247894,153.5244569903795,0,0,73.09047443032654
2025-01-01 06:32:00,30.196501894690368,80.13387247526623,125.17353724549605,0,0,63.44312280538556
2025-01-01 06:33:00,77.47188148781531,61.36535331082737,167.49880327965508,0,0,67.64288755143332
2025-01-01 06:34:00,67.69160181081931,56.34678448687891,195.82810151048196,0,0,60.605367580140175
2025-01-01 06:35:00,42.962365218429426,61.84680305864909,127.51773901507349,0,0,81.19244917564096
2025-01-01 06:36:00,24.302982063636836,46.52873710470303,153.90700934373433,0,0,67.05544242411966
2025-01-01 06:37:00,70.3080856124812,50.28385961489349,149.80213139592507,0,0,84.52755545126183
2025-01-01 06:38:00,48.28190232121073,72.00413907944426,210.3633664699472,0,0,85.28747850540908
2025-01-01 06:39:00,68.56724467960193,53.43105721028604,203.4672168518125,0,1,69.18954035278256
2025-01-01 06:40:00,26.083585118084493,49.5308901731806,163.91312233313732,0,0,59.915512674526504
2025-01-01 06:41:00,41.00937465569341,65.36652752527286,208.8410436069699,2,0,49.14102122266662
2025-01-01 06:42:00,50.07865549577275,71.85704154662997,172.66599577063673,0,1,55.279629269732084
2025-01-01 06:43:00,50.70470890647113,67.18953310665067,186.41724448369735,0,0,56.2616517510134
2025-01-01 06:44:00,43.249017927811344,69.96047685805816,283.67260451492683,0,0,83.78469627461504
2025-01-01 06:45:00,59.34274898521248,52.43204911430539,267.0230525895174,0,0,71.15824587226946
2025-01-01 06:46:00,33.98569355926108,45.78189333258156,135.02093815362014,0,0,73.89604524091988
2025-01-01 06:47:00,47.8643077246806,75.01333651955487,241.48662089395873,0,0,47.795789910648736
2025-01-01 06:48:00,51.804434475678484,56.77320161157864,240.5698277245796,0,0,58.020335707827385
2025-01-01 06:49:00,57.71658251088124,57.49166983544953,142.5868355623691,0,0,78.87079776446286
2025-01-01 06:50:00,60.674223171333345,73.28194141849058,240.93888218774305,0,0,72.86774112382587
2025-01-01 06:51:00,33.13036862243196,65.5623000940066,276.89659592062765,0,0,68.52794721314403
2025-01-01 06:52:00,26.988287438965667,64.55887772081607,143.8727596877793,0,0,75.64842358600123
2025-01-01 06:53:00,69.16515232847763,81.65002344901083,154.12485894928682,0,0,86.35797806135815
2025-01-01 06:54:00,54.98471017969388,53.564817696198574,250.88307334217512,0,0,67.7895753646295
2025-01-01 06:55:00,38.7727019516517,69.27840128081237,213.5747655412824,0,0,70.69369802658069
2025-01-01 06:56:00,73.26727963283784,60.570131248970846,227.57381376197617,0,0,71.92596918731306
2025-01-01 06:57:00,51.73511951439288,62.68592278863257,217.02946082002484,0,0,93.92109635273992
2025-01-01 06:58:00,67.6894577609574,75.28468426412532,219.53479604640722,0,0,49.006437355809744
2025-01-01 06:59:00,51.01277722115164,65.07835756289624,133.67639358444586,0,0,76.83223014788808
2025-01-01 07:00:00,80.91121887322981,65.38296079049633,252.3658853310724,1,0,68.85197751240936
2025-01-01 07:01:00,76.33011263664807,70.72507337309803,258.4794996213887,0,0,75.6677172618418
2025-01-01 07:02:00,46.2655377728139,56.350472704571146,188.5304627965986,0,0,63.42627446005275
2025-01-01 07:03:00,64.57356426431534,51.607903326609936,197.82615250930687,0,0,69.5103496914155
2025-01-01 07:04:00,59.680639243777215,49.55190805978967,123.4446248722139,0,0,77.11410579465495
2025-01-01 07:05:00,70.52947336298523,40.33643410623998,225.71273780089174,0,0,100.0
2025-01-01 07:06:00,35.52614809129843,80.56207129940321,228.6028720857072,0,0,78.08036189402071
2025-01-01 07:07:00,119.62801499583718,97.16138052250811,390.66697707127184,1,1,61.51934401969491
2025-01-01 07:08:00,65.87636730274382,57.78746376414228,256.21766799352514,0,0,65.76240317977297
2025-01-01 07:09:00,23.618907703653285,57.23186700111079,183.29613845100297,0,0,65.46585891616147
2025-01-01 07:10:00,32.25112231001337,63.07406697809101,228.23029629468002,0,0,52.04356827369985
2025-01-01 07:11:00,19.411517333598493,68.15737212539297,149.01678306539424,1,0,66.69909808298563
2025-01-01 07:12:00,45.95889748333163,68.60473488359746,198.8223924562881,0,0,77.32829081821745
2025-01-01 07:13:00,60.76313383693943,54.16922561431062,191.2822871048582,0,0,57.25767880923205
2025-01-01 07:14:00,72.53535578144042,58.32878286213589,211.26539610204708,0,0,80.48482651050593
2025-01-01 07:15:00,51.111421706296625,62.825799504882994,181.52365355833206,0,0,74.87774821084338
2025-01-01 07:16:00,74.42923318356938,57.51308873816453,193.42637021641661,0,0,62.657666780289624
2025-01-01 07:17:00,29.29847812677663,76.07345576019992,241.30235857207532,0,0,68.58470362662153
2025-01-01 07:18:00,24.44926340967268,64.90974951638252,178.16178813808912,0,1,85.98321807641034
2025-01-01 07:19:00,49.16678451655072,67.34877786049817,119.67114496306604,0,0,77.33547813505866
2025-01-01 07:20:00,55.76098173408961,66.62881268667412,287.47919521027103,0,0,70.08783654898147
2025-01-01 07:21:00,49.509578778588605,71.73473857485325,269.0727039345243,0,0,67.62316683039016
2025-01-01 07:22:00,18.98836849940185,61.81021558703707,135.38686524471905,0,0,70.7660907045166
2025-01-01 07:23:00,48.66319940730818,47.03168052044153,234.48539026225973,1,0,64.88236442057696
2025-01-01 07:24:00,30.432957492427203,63.996879517526416,174.85126147243284,0,0,48.95250494280985
2025-01-01 07:25:00,60.04508823245058,53.48643106208171,213.17436076655298,0,0,90.42177910534731
2025-01-01 07:26:00,55.498973691452726,54.713833182502434,214.7112064506747,0,0,71.55324999199401
2025-01-01 07:27:00,35.90180320508967,65.86364018755093,188.2796099841839,2,0,73.98147265122537
2025-01-01 07:28:00,42.2919962399496,72.38283071433636,160.81171672068018,0,0,69.42092250123092
2025-01-01 07:29:00,34.11179717166573,60.21271576736061,165.47294738418702,0,0,62.64883199275412
2025-01-01 07:30:00,49.059813540902425,63.088330125989636,154.19040422593787,0,0,68.1407551905123
2025-01-01 07:31:00,64.32713480751858,77.02214944635239,158.40888958847776,0,0,54.006052378056886
2025-01-01 07:32:00,35.21410930496684,62.407531794885685,196.64108549753223,0,0,92.77086498053305
2025-01-01 07:33:00,57.560697732767665,86.01683114180395,164.2120005444624,0,0,57.654880015776044
2025-01-01 07:34:00,42.04613572441339,65.65509645631545,234.102603285631,2,0,59.68033716152821
2025-01-01 07:35:00,38.10690751606484,42.39237240844182,274.36230776679633,0,0,65.597407956136
2025-01-01 07:36:00,48.394544600681634,67.53341621104532,170.99733793149784,0,0,82.88075724852378
2025-01-01 07:37:00,34.47136516370939,63.81158384882778,211.97022502676884,0,0,70.14508999262654
2025-01-01 07:38:00,41.69526041979227,72.89752754082745,224.98425551514669,0,0,57.63864203969538
2025-01-01 07:39:00,32.03183161116728,66.73181351269959,223.60011354596372,1,0,82.54338360757339
2025-01-01 07:40:00,79.47087699374583,58.615440160162265,203.79776339580437,0,0,77.31000626785482
2025-01-01 07:41:00,50.52895327957593,47.757017637106344,237.1341209179861,0,0,75.38434957216452
2025-01-01 07:42:00,39.50411738011122,57.90976742713975,224.11244763403286,0,1,77.1573424117084
2025-01-01 07:43:00,53.20969866101333,51.494795457907,138.1168788836351,0,0,93.9436190058245
2025-01-01 07:44:00,48.31507925463755,54.19476550195277,243.45780321946364,0,0,91.85094895036113
2025-01-01 07:45:00,46.685456007001655,65.88578404420609,244.3645418633371,0,0,63.13284656996704
2025-01-01 07:46:00,59.21250050065138,76.69904504351406,161.83569479107092,0,0,86.23884992811152
2025-01-01 07:47:00,61.36261565070958,63.94671529822981,201.89689177238012,1,0,73.83168189758901
2025-01-01 07:48:00,42.04248278584209,48.04116937964815,234.16644964055348,0,0,74.99095816137749
2025-01-01 07:49:00,41.3627263903298,64.4460266822014,189.53430902103193,2,0,53.07729168356671
2025-01-01 07:50:00,45.874224542725344,71.96631486645651,253.6489023883006,0,0,68.29614234611805
2025-01-01 07:51:00,15.471182528966224,53.90217095680618,318.19362473096805,0,0,61.87176409663435
2025-01-01 07:52:00,27.272134067021717,58.65982833327082,160.70069836825087,0,0,78.28058814893309
2025-01-01 07:53:00,70.50311401166786,60.14688194729197,130.94776984231126,0,0,80.71080500402805
2025-01-01 07:54:00,74.67451570251926,52.151016869177596,215.19092978024378,0,0,49.255136489836886
2025-01-01 07:55:00,46.264459406654325,66.4828043384386,236.07812525630717,0,0,69.7796513599573
2025-01-01 07:56:00,58.648354445836496,58.79051851392219,188.45668130776156,0,0,81.21861504794252
2025-01-01 07:57:00,54.66875231815304,64.19532443907028,272.6630331660517,0,0,68.13321037686555
2025-01-01 07:58:00,96.18321212682856,51.125078221978995,133.06971001383755,0,1,77.29063645002364
2025-01-01 07:59:00,66.79362367151865,55.62541699676589,234.64593115158056,0,0,73.51165467627084
2025-01-01 08:00:00,48.0812361277885,67.22381357827771,169.70695896205532,0,0,73.41660231952626
2025-01-01 08:01:00,35.666893390993614,56.27166847908233,285.9688953103648,0,0,67.28685021931703
2025-01-01 08:02:00,25.90330519613641,77.26963851233405,299.62576765840595,0,0,57.834191958642904
2025-01-01 08:03:00,53.051954538008346,56.003638143853976,161.6671706108326,0,0,58.784698525749725
2025-01-01 08:04:00,38.654738820735446,62.24684725751886,172.522143204571,1,1,77.09352514455317
2025-01-01 08:05:00,28.666194356034886,69.3259083187309,242.9793943489901,0,0,70.19458255518883
2025-01-01 08:06:00,40.301406736362104,45.816342670669684,180.64346751052426,0,0,68.61487755392776
2025-01-01 08:07:00,33.77677994578407,42.39191188019224,197.7294391033881,0,0,65.76109957677647
2025-01-01 08:08:00,75.30712452608847,44.74343685429905,201.2694210271205,0,0,66.94811154519249
2025-01-01 08:09:00,63.224596354241754,72.62584103427182,104.01634219011719,0,0,80.46911794488139
2025-01-01 08:10:00,49.88041038025074,54.481418541075534,199.30811269528814,0,0,66.64755918131974
2025-01-01 08:11:00,72.19916208335039,85.58199285668252,165.5136112967913,1,0,56.58935286698431
2025-01-01 08:12:00,51.16052461471428,54.357524013426115,175.3438588800114,0,0,77.43651775540174
2025-01-01 08:13:00,37.08073698007605,61.84551303197037,272.1816001734407,0,0,67.95123336135283
2025-01-01 08:14:00,72.84686115904486,75.42109952567876,137.1746552860372,0,0,70.31395865532777
2025-01-01 08:15:00,58.08365065526988,80.06092888159122,240.66025933739886,0,0,86.0757830639951
2025-01-01 08:16:00,34.441307685103155,80.61503576636397,186.05185348340956,0,0,69.79439442649493
2025-01-01 08:17:00,47.14491982874588,72.08366230593143,186.01199157520827,0,0,72.89183673118725
2025-01-01 08:18:00,36.86572619922865,70.24062525811462,239.51859480258557,0,0,58.210765087016746
2025-01-01 08:19:00,29.25800403553496,65.92526949201184,217.00256472844453,1,0,67.8033054764904
2025-01-01 08:20:00,63.892663212974625,67.78361076166638,228.53064986097655,0,0,76.09526045208601
2025-01-01 08:21:00,78.64124960705196,54.488142836714665,248.40923302664305,0,0,54.446262661587575
2025-01-01 08:22:00,29.02148639271288,51.81801116577693,183.43458084083386,0,0,72.0084509311571
2025-01-01 08:23:00,58.444538550358565,59.96625542589048,169.38816327461248,0,0,71.00791072644806
2025-01-01 08:24:00,40.2403614631726,58.298153774750716,145.7424736721101,0,0,70.4128745558744
2025-01-01 08:25:00,42.69311924352956,55.46771950672725,158.72947350105224,0,0,80.37158898658242
2025-01-01 08:26:00,41.11409113641696,66.96387447456715,347.45472126543626,0,0,73.34438514848522
2025-01-01 08:27:00,37.04013845480276,69.5530520857051,262.23397903683934,0,0,84.78071898356444
2025-01-01 08:28:00,50.72782441917241,60.884068862918475,132.44628168959895,0,0,60.06410484405964
2025-01-01 08:29:00,37.535748253834434,74.77530081055262,133.87710216282147,1,0,71.35924567218348
2025-01-01 08:30:00,54.056852386697585,48.58310885866495,224.09330308592456,0,0,70.84466786389947
2025-01-01 08:31:00,49.246428358262946,58.06340540720282,227.36323986889835,1,0,59.3074550624492
2025-01-01 08:32:00,46.41577929700385,52.831776793971954,227.44419176586823,2,0,79.56295002091346
2025-01-01 08:33:00,36.386545069376034,41.3346338292694,187.2522103223151,0,0,93.24673305852818
2025-01-01 08:34:00,41.34843004147501,59.17319314157301,193.72728699985498,0,0,69.82993925516169
2025-01-01 08:35:00,61.33086838738634,58.78252491616716,216.39397620796788,0,0,75.05021088273767
2025-01-01 08:36:00,57.51375781436571,75.13449743242131,204.2946503146665,0,0,70.84518475815327
2025-01-01 08:37:00,35.33667132802174,66.30811684554777,89.03498136262324,0,0,62.864153300928244
2025-01-01 08:38:00,51.489984581438385,49.758131756707954,188.5100184712403,0,0,51.79239722197984
2025-01-01 08:39:00,61.27080685057683,78.54092566334188,157.4296782869843,1,0,62.94226516904635
2025-01-01 08:40:00,24.958920783179423,72.21033695525352,208.7605709454256,0,0,56.08041619048269
2025-01-01 08:41:00,58.15040288569902,65.82097703468615,349.2629501301705,0,1,87.04102078059118
2025-01-01 08:42:00,40.060643615812296,57.73515901150168,218.37408327371523,0,0,68.84890306076761
2025-01-01 08:43:00,58.55898002889739,50.405607632765204,184.3235156913801,2,0,66.5408067095283
2025-01-01 08:44:00,38.55111265186225,56.27793223928947,246.0900750988626,0,0,78.89153824787806
2025-01-01 08:45:00,22.926768490032213,70.88748619704185,224.13439436046065,2,0,58.78248897144112
2025-01-01 08:46:00,25.586863431752562,78.84586305934609,221.00472452259206,0,0,62.331359619954476
2025-01-01 08:47:00,50.72127419992073,75.43243528272188,230.34252966078355,0,0,70.68072269248621
2025-01-01 08:48:00,53.89583752582223,55.11150578213726,302.8271782414771,0,0,80.2876899142348
2025-01-01 08:49:00,36.43525062343387,48.80382566710989,143.45557823370422,0,0,75.01685045168789
2025-01-01 08:50:00,59.57888688166061,61.40886246911204,223.68160384057273,0,0,72.48325142515883
2025-01-01 08:51:00,25.0771990659656,42.31560634437149,153.6809435009231,0,0,70.78117735236016
2025-01-01 08:52:00,49.00880302029025,63.23167714184781,227.7756323171124,0,0,74.00235855526775
2025-01-01 08:53:00,31.83475700356315,58.52397413701331,154.06567442569528,0,0,72.01652905129255
2025-01-01 08:54:00,40.222458382967616,55.33963498131758,179.13165931974578,0,0,59.70027725223064
2025-01-01 08:55:00,50.71098006974621,44.05296932733204,185.24550428810468,1,0,70.46079221633151
2025-01-01 08:56:00,37.09379952074072,65.13600106569717,248.79083596723547,0,0,59.26311341082247
2025-01-01 08:57:00,44.23166683655262,54.672991603380886,245.9227221971207,0,0,70.81082542900823
2025-01-01 08:58:00,65.0943921382166,48.30083164289712,137.71413117768077,0,0,65.19352058511758
2025-01-01 08:59:00,41.34662195715277,31.277377867183507,202.74670554999244,0,0,95.39381622782861
2025-01-01 09:00:00,62.535381680977125,59.724850949493636,164.52100726254136,0,0,69.60105616248288
2025-01-01 09:01:00,33.05439718013573,77.72251596669744,137.0747544662333,0,0,55.95760433738411
2025-01-01 09:02:00,57.947062668729245,76.6125921454787,189.1491474787815,0,0,68.65819789323075
2025-01-01 09:03:00,71.6235293098685,55.429037434137285,184.57586057720903,0,0,75.19358745637888
2025-01-01 09:04:00,12.925332498090661,53.97787939638219,321.3358243172761,0,0,86.73363946152523
2025-01-01 09:05:00,38.046571167942844,64.68774256075024,221.64799126803481,0,0,64.10547600061281
2025-01-01 09:06:00,58.6560819077081,50.016145608117085,131.11912496228814,0,0,54.1757202597636
2025-01-01 09:07:00,46.95431920935511,63.01791899819466,171.7612997914529,0,0,78.16837011430981
2025-01-01 09:08:00,55.56718810056963,67.6608027838469,251.06916477146993,0,0,56.19401294100349
2025-01-01 09:09:00,40.94022219926269,72.26933223884308,304.4221386434963,0,1,65.63844558492515
2025-01-01 09:10:00,51.2988468120935,58.99845923520047,120.70083438810208,0,0,67.42379514489006
2025-01-01 09:11:00,47.664841469118805,57.96326249823034,106.00378074304774,2,0,69.30366546699892
2025-01-01 09:12:00,67.5167309248971,51.22017413243439,293.5482587685891,0,0,76.89164457074335
2025-01-01 09:13:00,53.816312649518196,51.7311964596014,219.4807088685452,0,0,63.16365717713612
2025-01-01 09:14:00,55.064039931128036,57.73521108098473,156.58536340618167,0,0,67.26270747833239
2025-01-01 09:15:00,43.82184550816299,63.67365506816178,226.73145430612178,0,1,69.85729647050611
2025-01-01 09:16:00,42.6859066389126,69.13584626233249,68.21261304915612,0,0,71.49597957518787
2025-01-01 09:17:00,43.51162718270569,51.96821049319655,200.16877532985805,0,0,70.97827174707923
2025-01-01 09:18:00,55.91678213567445,74.92688568959522,216.39105864215426,0,0,74.3600577522258
2025-01-01 09:19:00,43.68523278769605,57.28876398957431,246.2135069768915,0,0,78.43839509641737
2025-01-01 09:20:00,54.34662285344619,59.78632705651564,149.30520238537312,0,0,73.92634115650968
2025-01-01 09:21:00,81.13101197968157,52.527883208521764,204.28435807016794,0,0,74.53585523509219
2025-01-01 09:22:00,63.06687055147539,35.75759739727059,153.72876869702063,0,0,54.17776833253522
2025-01-01 09:23:00,45.10964701748238,68.8404539636105,212.76918778371586,0,1,70.5022769916568
2025-01-01 09:24:00,68.01820883245918,67.36843897092433,155.2326838818488,0,0,74.79507548001608
2025-01-01 09:25:00,43.87886940467673,57.18672442881787,179.59495804198897,0,0,77.2894119457045
2025-01-01 09:26:00,19.428131972332192,60.66990717224872,150.20923026048854,0,0,63.07649225766206
2025-01-01 09:27:00,34.87870533623894,65.159392177041,232.55681209118285,0,0,63.40960725111355
2025-01-01 09:28:00,21.938121184612164,44.374541431134574,242.92255583283327,0,0,64.25899324716401
2025-01-01 09:29:00,44.72729773938037,54.70947322653705,188.26897150212932,0,0,75.36413899891343
2025-01-01 09:30:00,50.276275687843274,67.94264679621827,201.91189974800142,0,0,80.33881054924208
2025-01-01 09:31:00,75.14655968412924,47.45710576830751,127.5704292683228,0,0,65.92539892708399
2025-01-01 09:32:00,54.90391060646244,62.935579321666296,185.01616759966066,0,0,79.07962313627048
2025-01-01 09:33:00,46.71349206786704,46.43418195376595,197.48976914791277,0,0,71.23479809164594
2025-01-01 09:34:00,62.441083717752335,64.66429982433526,331.03965455149876,0,0,68.75714222837564
2025-01-01 09:35:00,16.832970364881724,59.643585177025166,144.4016487112918,0,0,67.88615770182031
2025-01-01 09:36:00,53.53421837162849,43.848681840944906,273.20886193762186,0,0,77.46611364602157
2025-01-01 09:37:00,61.562977908304504,71.64739354457171,249.8429386732904,0,0,73.2557781678707
2025-01-01 09:38:00,27.821206313302376,52.65408423201951,214.03182022450682,0,0,92.75825427647638
2025-01-01 09:39:00,67.15631064810394,51.89747562985619,287.9310242097567,0,0,61.477753570026756
2025-01-01 09:40:00,55.07744611241621,62.00569197230943,218.60527363034313,0,0,75.18101702029976
2025-01-01 09:41:00,43.77068129148798,71.48637349428715,219.45795978339643,0,0,64.70798990188487
2025-01-01 09:42:00,59.491727991594274,49.841781810216034,197.34396734912272,1,0,61.30713013011356
2025-01-01 09:43:00,84.06039286706593,60.61679849847972,261.1784441209314,0,0,69.89132862965027
2025-01-01 09:44:00,52.72799382587743,64.28816500330574,254.82346169054418,2,0,71.37352479407036
2025-01-01 09:45:00,53.723308794505044,66.93105607263143,168.71613562518937,0,0,99.18173555060093
2025-01-01 09:46:00,43.109586506896335,61.76441555277225,134.03764027006162,0,0,68.15854184316798
2025-01-01 09:47:00,37.25233445802812,56.329721609166775,189.85096813021715,0,0,58.69821270515317
2025-01-01 09:48:00,62.455037248163684,51.724097793512804,159.99807178011767,0,0,72.73010717494385
2025-01-01 09:49:00,37.15874261136699,60.86143883046375,196.82377126923225,0,0,49.25359962453632
2025-01-01 09:50:00,109.71108015921929,105.85548671200564,562.5275999256629,1,1,69.08043217395735
2025-01-01 09:51:00,42.83513829852325,30.78649516505393,177.1349172456605,0,0,70.1602528229516
2025-01-01 09:52:00,57.18469738619588,64.36559804157667,197.85883093442126,1,0,77.94600382945211
2025-01-01 09:53:00,55.00493157930423,69.03934841086195,202.90113674041976,0,0,79.73622249427846
2025-01-01 09:54:00,65.56309916386849,36.37067564458162,242.42154411026422,0,0,64.96430381092283
2025-01-01 09:55:00,87.10113109986803,102.63533052314557,180.28194672777002,1,1,68.49385985370067
2025-01-01 09:56:00,45.95187597059943,66.19154261005198,169.66498526173515,0,0,62.33879169389329
2025-01-01 09:57:00,35.31854426326539,80.574954697117,210.56418461397362,0,0,58.71937445192306
2025-01-01 09:58:00,43.33560109885833,60.20793707675408,260.00394782134305,0,0,73.09894779380635
2025-01-01 09:59:00,55.65950739567278,52.71997058770866,175.40487762468973,0,0,57.26414451403401
2025-01-01 10:00:00,61.35482924968028,58.1710355889516,106.17236469790629,0,0,65.85373099428136
2025-01-01 10:01:00,36.167520137335615,73.74876419148185,230.9855722983068,0,0,60.048260401007624
2025-01-01 10:02:00,63.044088801584905,53.54035820875465,168.23188055871853,2,0,75.4968318629026
2025-01-01 10:03:00,70.33456788207427,52.00807993349746,140.51666704548194,0,0,88.01430099266489
2025-01-01 10:04:00,56.20152354835551,55.17256477817968,168.7827305143388,1,0,56.98412017196669
2025-01-01 10:05:00,78.151937188371,50.466713917412875,190.77373211720752,0,0,51.46981517102431
2025-01-01 10:06:00,38.39316201344641,61.22670315994795,169.76276677308937,0,0,68.75113114649933
2025-01-01 10:07:00,31.330179450328746,76.2467845846956,89.72169714504655,0,0,70.15697795957759
2025-01-01 10:08:00,23.31919626643582,63.23079273116029,244.8533098443566,0,0,72.18659306757297
2025-01-01 10:09:00,72.44066467233775,57.47646497873713,263.7437520639361,0,0,65.53679484765655
2025-01-01 10:10:00,59.81548484531086,57.08188731084456,232.5760995669753,0,0,67.99360701174568
2025-01-01 10:11:00,49.16622993634317,44.36809191303343,143.11571647875917,0,0,73.67510410540602
2025-01-01 10:12:00,54.1995293947973,68.83109777147159,189.9254233026241,0,0,80.4043089264484
2025-01-01 10:13:00,33.11766429052435,59.22162802987198,199.6739342385271,0,0,50.449512296817176
2025-01-01 10:14:00,86.68627969425239,58.19520086409374,229.93971947809553,0,0,66.31060560968538
2025-01-01 10:15:00,51.93831772962841,91.93107567844861,233.41702443590404,0,0,72.13808793941064
2025-01-01 10:16:00,51.64092191907339,62.98752908365686,163.29131006107522,0,0,60.82023895389264
2025-01-01 10:17:00,60.88649935848038,52.48208949904816,204.099777820678,0,0,87.311696317673
2025-01-01 10:18:00,57.2151384760507,55.736424037944566,222.86402023076207,0,0,63.64590119771263
2025-01-01 10:19:00,53.35826036418697,71.48445709196756,272.7911161073383,2,0,69.58707312992718
2025-01-01 10:20:00,38.142883168320324,61.13270410537764,235.22532699123616,0,1,75.56022096842291
2025-01-01 10:21:00,57.072025357039934,45.61722021682633,239.45283436877594,0,0,64.08715211198106
2025-01-01 10:22:00,78.2303674471255,69.19228934575203,204.19133139646806,0,0,51.53426952195583
2025-01-01 10:23:00,70.18130069232467,53.31855914461006,270.5229572601752,0,0,65.71345473083467
2025-01-01 10:24:00,73.89779939959095,78.73297776217545,220.48813979797487,0,1,80.2944055592704
2025-01-01 10:25:00,81.80347573566905,136.8174802432627,303.28751927181816,1,1,66.63104873214861
2025-01-01 10:26:00,35.15592769612129,55.52678104341249,270.16849850625954,0,0,61.53565698541021
2025-01-01 10:27:00,48.11319619850528,72.81016361735112,234.8951636269514,0,0,79.25672209502721
2025-01-01 10:28:00,50.835873684330416,60.678555105274036,177.8477989435759,0,0,66.69225103976947
2025-01-01 10:29:00,66.41287277706422,68.52773675122219,176.02535163003785,0,0,64.89839186349782
2025-01-01 10:30:00,24.61303055427771,64.84732817294474,214.8287772570381,0,0,71.49456089663309
2025-01-01 10:31:00,72.9432547919092,51.536433450091266,223.15923976337925,1,0,77.70750209618788
2025-01-01 10:32:00,102.59448956384391,115.37762708513706,452.047164289076,1,1,93.81713531732547
2025-01-01 10:33:00,43.5967839507887,70.29960817581161,215.56543367214425,0,0,78.27236107657423
2025-01-01 10:34:00,34.81843437109749,56.65224667893459,284.997868728819,0,0,81.59839966388344
2025-01-01 10:35:00,25.17714992201346,55.96351536758003,253.57715761174427,0,0,64.94033801012145
2025-01-01 10:36:00,62.34755875942872,50.44877420650647,209.5317795632512,2,0,59.741318940305234
2025-01-01 10:37:00,51.09976950782606,64.23599065593461,247.06552903837417,0,0,70.62331349619123
2025-01-01 10:38:00,30.650586503884192,80.62524919243145,148.37380482362303,1,0,71.07169915259597
2025-01-01 10:39:00,30.573818419045757,49.32467085745727,219.89635249734044,0,0,59.214872586354026
2025-01-01 10:40:00,44.96322951064808,60.24219456672758,290.4653174866555,0,0,68.24705470095986
2025-01-01 10:41:00,75.0353228793409,74.12220555415429,189.0977052303813,0,0,73.9931760171913
2025-01-01 10:42:00,46.10612972954593,59.203586087542845,157.61830356904576,0,0,73.6039339501808
2025-01-01 10:43:00,27.45285570322841,64.52371796249734,167.39555557034697,2,0,75.04287853384272
2025-01-01 10:44:00,92.79868776851845,98.93441407884784,291.5739152627351,1,1,72.90964730137443
2025-01-01 10:45:00,45.90914645378494,64.28307097207649,160.76190459361482,0,0,64.92991340729944
2025-01-01 10:46:00,9.546700355876425,58.12855734995451,181.47459507049854,0,0,64.86099373351156
2025-01-01 10:47:00,49.18557700223282,69.85729995679863,129.7216490410679,0,0,58.010486020061236
2025-01-01 10:48:00,46.53598204686983,71.87386051564751,200.78091669748017,0,0,87.84775039185095
2025-01-01 10:49:00,60.44309547220128,85.89563642018614,245.11385868933235,0,0,70.13450364619293
2025-01-01 10:50:00,77.73434142418017,65.79633173213576,154.61219099265398,0,0,67.75146944205149
2025-01-01 10:51:00,66.89847544321637,63.257963165821664,275.9641961820885,0,0,60.71207918547541
2025-01-01 10:52:00,45.96666964167754,61.94384301577336,225.53960442637973,1,0,99.35657902327779
2025-01-01 10:53:00,33.40211136887494,56.46833707189312,251.52902928120287,0,0,59.26671967777104
2025-01-01 10:54:00,165.24395492376564,118.21573868768594,311.6648766411082,1,1,65.71152074393926
2025-01-01 10:55:00,50.888276510217324,57.04598589860971,242.72626135333078,0,0,74.1583683628606
2025-01-01 10:56:00,50.20893937869419,61.68460976269614,145.40330498023434,0,1,76.00212965744278
2025-01-01 10:57:00,49.638123693349954,73.17597535607959,244.51237504182544,0,0,79.57932055215684
2025-01-01 10:58:00,52.971271411517826,49.934574347203586,208.59196698967656,0,0,88.07608507769262
2025-01-01 10:59:00,47.834593821140864,71.39878561129045,227.6625609992392,0,0,75.06157655460713
2025-01-01 11:00:00,41.39506989679646,73.17115067339866,141.22026971875744,2,0,59.439692000333324
2025-01-01 11:01:00,41.79711588139412,58.81931473008921,155.24650788616975,0,0,67.43054874878219
2025-01-01 11:02:00,49.50870094676002,38.78145100991405,229.86141091266924,0,0,73.07832372513884
2025-01-01 11:03:00,41.84862843299352,53.921780129055676,152.58259978878996,0,0,90.68226041505824
2025-01-01 11:04:00,39.30731325984253,72.96994546561109,223.16031460495614,0,0,56.02194521575703
2025-01-01 11:05:00,51.596453415378456,59.77131937701118,131.6431096769877,0,0,82.02576505225227
2025-01-01 11:06:00,46.17534173868717,50.00697767705089,242.4087106333334,1,0,71.79914369546417
2025-01-01 11:07:00,72.55989482874033,54.95225078771782,138.37383426157453,1,0,78.3783053522948
2025-01-01 11:08:00,10.235452874104823,68.40620026504553,227.61499688397618,1,0,68.98005283364068
2025-01-01 11:09:00,66.37260277883692,65.4673356820138,231.28154668230005,2,0,61.575673698736736
2025-01-01 11:10:00,68.69127788746444,57.61067900830306,165.16140907852125,0,0,77.50872779401332
2025-01-01 11:11:00,18.89914651387776,56.33175588185313,229.10132835423633,0,0,76.54431027105622
2025-01-01 11:12:00,44.85968608879477,56.08241850956178,213.0221131666778,0,0,79.72056965739722
2025-01-01 11:13:00,44.428387010063126,50.77589815501497,173.0579071903631,0,0,69.86695364621364
2025-01-01 11:14:00,28.887324579232683,76.15375689469442,149.57226579618958,0,0,64.0017797668015
2025-01-01 11:15:00,38.33274968613687,56.7767953078866,101.86871541637105,0,0,54.412130049761586
2025-01-01 11:16:00,33.34136231801257,72.17158520825497,217.48250236498467,0,0,78.19373268139407
2025-01-01 11:17:00,172.7915195574979,170.3658256696562,275.7990647257271,1,1,74.23889482443985
2025-01-01 11:18:00,64.03517589721191,69.9831089814796,204.76720997206542,0,0,60.342173671360406
2025-01-01 11:19:00,69.07332642491238,55.683796872819514,186.82758919588755,0,0,64.61426326703376
2025-01-01 11:20:00,60.82508096064853,64.03730090336609,233.95713877190977,0,0,65.3324118804856
2025-01-01 11:21:00,33.06422343174156,59.758043936090836,184.8977250255068,0,0,55.17015568017582
2025-01-01 11:22:00,42.132196005803394,50.96298139269872,183.52761068264545,0,0,61.82317603394866
2025-01-01 11:23:00,57.34061841841877,63.24359281721603,236.59353521441477,0,1,58.66169643193646
2025-01-01 11:24:00,31.668082866620818,48.20960208840198,216.75290145420587,0,0,65.87520988112064
2025-01-01 11:25:00,60.69497645258582,71.87679388461564,215.8077978591389,0,0,62.61302501670437
2025-01-01 11:26:00,46.39511902762798,55.35382702701607,223.46337949042632,0,0,53.72995079133251
2025-01-01 11:27:00,44.377687886756036,62.01159655872839,123.2213938396447,0,0,90.22590230569482
2025-01-01 11:28:00,60.664399523052374,62.83287871546142,237.8394339993491,0,0,82.52540731029231
2025-01-01 11:29:00,56.6639496722906,57.410950262959226,230.6234397006801,0,0,62.209805784800146
2025-01-01 11:30:00,44.585507512713804,65.86693801475275,149.16584357117515,0,0,72.7242139665361
2025-01-01 11:31:00,67.38994705046372,55.25096343377476,187.79597631628994,0,0,74.17465089821295
2025-01-01 11:32:00,33.78405008600154,68.71297297457244,198.03463561861844,0,0,81.91085854773476
2025-01-01 11:33:00,59.239034104163956,46.54020319753251,193.27516077991336,0,0,61.81394973339921
2025-01-01 11:34:00,58.89651886952576,61.26379579546412,216.69299832842674,0,0,80.92106783982426
2025-01-01 11:35:00,45.35680341029015,79.38928999058285,271.5683390915592,0,0,64.52094695793065
2025-01-01 11:36:00,54.89199533363177,49.99668675394425,254.08833638364143,0,0,56.641375958313866
2025-01-01 11:37:00,31.233296354220457,53.222550294751485,134.3890403284297,0,0,77.24136559314498
2025-01-01 11:38:00,63.860405288103514,65.13907849658915,231.10349951530245,0,0,82.90758424122428
2025-01-01 11:39:00,47.22646795335516,61.79581781939598,266.4466659767705,0,0,95.87908973530685
2025-01-01 11:40:00,42.15915469221441,63.50630099273559,219.34042603446014,0,0,58.002747349097866
2025-01-01 11:41:00,65.73513838755333,64.89187130147664,254.54902125929834,0,0,76.98919685080789
2025-01-01 11:42:00,39.43484464185861,66.3472146856177,300.61352228503824,0,0,65.90198756206468
2025-01-01 11:43:00,28.873080554546604,71.09699841956223,251.18547730534908,0,0,77.83358710524031
2025-01-01 11:44:00,26.650562397141442,64.09818656928513,212.46542978208643,0,0,55.295104487687496
2025-01-01 11:45:00,59.0901492701846,57.58742345381457,252.25442370423767,0,0,57.37230224301436
2025-01-01 11:46:00,30.793559712555755,66.72573701202731,207.24439165484455,0,0,62.24125176833516
2025-01-01 11:47:00,76.32191272976547,78.99881934895215,201.1951521642478,1,0,70.78964045668084
2025-01-01 11:48:00,18.771058881744167,58.67366253617426,182.42928821431337,0,0,63.58918733461645
2025-01-01 11:49:00,75.44684552435058,50.254706953293585,278.1706679416054,0,0,76.5905434391342
2025-01-01 11:50:00,53.16526200803928,71.07080669286972,159.07856670289993,0,0,80.26894618257914
2025-01-01 11:51:00,48.549303321944116,58.796188360464015,276.61838623390577,0,0,75.99577541245355
2025-01-01 11:52:00,41.826213697865754,38.27330453985964,224.99320618701856,0,0,86.18787639660869
2025-01-01 11:53:00,55.987041715281066,68.47421677150422,130.03469125990293,0,0,74.15826629455343
2025-01-01 11:54:00,49.435479463627274,54.64671814046077,218.3824646495711,0,0,57.83103289659833
2025-01-01 11:55:00,66.54952823024783,59.094667176958396,94.9986746174188,1,0,83.6337651353834
2025-01-01 11:56:00,51.7134147299306,63.319803305690144,231.2754008415518,0,0,63.948437643940025
2025-01-01 11:57:00,52.25452642192816,61.904996797790666,244.26157414944956,0,0,79.10418499685571
2025-01-01 11:58:00,44.54581681679216,67.09451817139039,170.38220221739732,1,0,85.73734216555107
2025-01-01 11:59:00,49.14581564418399,55.645136294301565,206.17738479777913,0,0,74.56688010730399
2025-01-01 12:00:00,54.61702653338089,65.13105798176083,297.7078716875143,1,0,55.038411868353506
2025-01-01 12:01:00,24.347474110150618,57.40453322416083,174.71266478690316,0,0,60.81787833490208
2025-01-01 12:02:00,29.777218668414307,67.38810480887503,147.05462064716997,0,0,83.22744466885135
2025-01-01 12:03:00,61.148961410340725,66.15367484013053,274.08317012312995,0,0,68.30877314357184
2025-01-01 12:04:00,52.562981571919124,50.645612979554045,298.12935952653976,0,0,70.79573534942166
2025-01-01 12:05:00,47.24024995470981,70.85982116175032,200.18478359239236,1,0,77.5882441616361
2025-01-01 12:06:00,50.2765089959809,54.64036554885952,250.5731517704178,0,0,76.96322862080324
2025-01-01 12:07:00,55.21372558042506,68.08057798281145,267.07379577654405,0,0,72.7879981238546
2025-01-01 12:08:00,41.90360479535958,63.67287313401341,162.8757883730808,0,0,67.91331628779534
2025-01-01 12:09:00,38.32542911896531,78.38183676795123,175.7347082316066,0,0,66.87331554267642
2025-01-01 12:10:00,52.93767882646522,57.76534017628148,261.54372565773673,0,0,78.57898825291343
2025-01-01 12:11:00,35.32440833577452,56.506832038818025,284.25071393542544,0,0,75.53569531067794
2025-01-01 12:12:00,56.12379133571708,59.805803941122676,228.14404300871774,0,0,67.42699999382211
2025-01-01 12:13:00,24.461245936432395,56.968202171657246,156.0092823248973,0,0,80.82112312993141
2025-01-01 12:14:00,65.43733455988465,67.9994190194205,299.353055584972,0,0,68.70965884870216
2025-01-01 12:15:00,57.08896223619564,43.83689391563412,173.45145510940176,0,0,61.48337825665607
2025-01-01 12:16:00,53.840446014708135,49.46317580853646,183.2431109414274,0,0,62.410293010966555
2025-01-01 12:17:00,64.74036475918271,49.32197078420807,217.11689172448106,0,0,60.21259163690234
2025-01-01 12:18:00,74.98211666693865,69.50307591973575,277.70802103573874,0,0,67.27589983396312
2025-01-01 12:19:00,65.21555097527195,77.10613372581925,242.6987988276112,0,0,82.33724278336193
2025-01-01 12:20:00,22.386886530025322,58.955507814625285,220.74327501809552,0,0,61.94904818969491
2025-01-01 12:21:00,30.806345498964475,58.311782768099896,223.1644265059053,0,0,71.88475761018103
2025-01-01 12:22:00,40.62772133456482,60.700521631131814,202.1757334321733,0,0,63.43310654372587
2025-01-01 12:23:00,50.3913657531625,71.6187830260819,227.90697572592532,0,0,67.39690958728562
2025-01-01 12:24:00,57.76488530703685,50.72646865809426,73.52199611528485,0,0,54.89958788014748
2025-01-01 12:25:00,39.11384280269802,62.38368982734785,185.16962704651007,0,0,67.79461770843463
2025-01-01 12:26:00,52.80150146715617,69.7519762978243,212.06609674583905,0,0,68.06294620195038
2025-01-01 12:27:00,38.66925601470016,65.01094169939846,142.44929581902466,0,0,75.40287944035695
2025-01-01 12:28:00,40.82723295512078,61.89581616598743,219.316165890578,1,0,72.23280913255371
2025-01-01 12:29:00,28.900083547276665,70.01046092567141,189.77643895069392,0,0,58.01607875047955
2025-01-01 12:30:00,36.151501308336435,32.967677070007625,287.7737849157745,0,0,80.84198244043543
2025-01-01 12:31:00,29.724730915754996,66.77875319530908,278.6509862607428,1,0,72.10303040221996
2025-01-01 12:32:00,35.36190120534001,53.45924316872576,176.70972154409185,0,0,71.98393517177486
2025-01-01 12:33:00,65.80462694911759,41.69367103143543,192.45811442166524,0,0,69.90817646614862
2025-01-01 12:34:00,35.759016667520854,65.11202599524981,196.30262171958037,0,0,64.8224255277778
2025-01-01 12:35:00,89.48573097256086,73.73658545162958,177.41702619201885,0,0,72.17802339748727
2025-01-01 12:36:00,57.39976851321334,58.62551485372308,209.75124920140632,1,0,74.75588435928583
2025-01-01 12:37:00,52.77254185542311,69.52874547202939,162.08589655562048,2,0,52.53104308654445
2025-01-01 12:38:00,37.1246332972818,76.12278257988646,143.4692332531237,0,0,64.61239162653905
2025-01-01 12:39:00,60.50464819113487,73.14914453584048,231.13556119501342,0,1,67.4505302959641
2025-01-01 12:40:00,41.36543260643339,76.39964529371393,231.47647921109055,1,0,72.56170605694278
2025-01-01 12:41:00,51.83014721968042,67.42127491071892,159.78421201700039,0,0,81.93311005927126
2025-01-01 12:42:00,88.40126807403192,60.754336389015926,244.76777153812998,0,0,62.28259185403218
2025-01-01 12:43:00,48.559101504130254,43.980341881028316,168.42111354173343,1,0,65.02038153182158
2025-01-01 12:44:00,67.23909989428513,57.53937511870051,212.65826190189907,0,0,64.8746588935345
2025-01-01 12:45:00,39.45235362311169,51.567534046838084,241.0172006306228,0,0,61.98472409895459
2025-01-01 12:46:00,49.47517264254557,81.70942717497815,198.31937176481435,0,0,66.52813504887737
2025-01-01 12:47:00,76.56200953453265,58.24114187567663,222.73704560705673,1,1,77.70802219987971
2025-01-01 12:48:00,40.59549413318349,61.23204806784486,174.17851780562142,0,1,59.461645046356544
2025-01-01 12:49:00,77.18672836995393,65.51485376040468,190.17667082859515,0,0,74.27814395152903
2025-01-01 12:50:00,60.616279031832136,60.436024463724536,189.707028455983,0,0,52.98097769981665
2025-01-01 12:51:00,41.56299836158598,76.95051040430752,162.67108267298806,0,0,64.38662003557793
2025-01-01 12:52:00,59.48611608583281,53.77350638265548,191.1612918442109,0,0,66.70510699782014
2025-01-01 12:53:00,64.58831674440094,61.94607455237243,122.56908505681267,0,0,86.74859672914064
2025-01-01 12:54:00,59.327149433257944,52.57529414301952,175.44231264289476,0,0,67.25197695247311
2025-01-01 12:55:00,26.446629201643155,46.79977488779294,185.75622533151645,0,1,47.987565265490815
2025-01-01 12:56:00,39.09294236262697,53.882309090947146,187.191012375231,2,0,50.011110931387506
2025-01-01 12:57:00,46.287220466727426,59.62963202951588,187.92512770646107,0,0,70.3402958634668
2025-01-01 12:58:00,48.88349856349931,55.7069777548274,196.91179000699356,1,0,76.13770855789909
2025-01-01 12:59:00,59.31008146326017,53.07579020126144,223.9720759043032,0,0,73.75455857627253
2025-01-01 13:00:00,52.66551501399881,45.93682536328166,243.72585370662614,0,0,71.6757010580099
2025-01-01 13:01:00,29.969834619348482,59.16894427371305,167.51173865758665,0,0,81.62259597505667
2025-01-01 13:02:00,55.70296776508945,44.952796259689975,139.83995723054278,0,0,64.60408779262869
2025-01-01 13:03:00,108.59241478871566,124.08821218534469,271.48253104702945,1,1,78.94910556026825
2025-01-01 13:04:00,58.396856718965594,60.824397529345035,175.63985394025366,0,0,53.679851149735825
2025-01-01 13:05:00,66.21171088331933,45.4244850053507,182.40393410917454,0,0,60.95052167061934
2025-01-01 13:06:00,62.50883231823356,56.907909229501364,161.50019669012713,0,0,51.929586050681834
2025-01-01 13:07:00,56.88770118842655,52.478435944094166,135.19416678750528,0,0,67.25154699330207
2025-01-01 13:08:00,48.94751432812029,63.1917451041918,177.1939586262906,0,0,69.53738782733657
2025-01-01 13:09:00,25.08558599726013,73.40450446023145,209.07133100569857,0,0,71.1410149222652
2025-01-01 13:10:00,56.44427328698879,41.248275303542556,229.75147329177824,0,0,70.61883352887135
2025-01-01 13:11:00,53.115315307446664,61.150260791474174,172.12884734458393,0,1,60.72446669188272
2025-01-01 13:12:00,54.0736825579306,58.398672044333594,179.3501088928283,0,0,68.09759155586784
2025-01-01 13:13:00,30.84877136269536,66.71340076450466,153.66508455763446,0,0,55.02553331394252
2025-01-01 13:14:00,33.784151893876064,62.131966282376894,198.42804148126118,0,0,83.6322897513225
2025-01-01 13:15:00,65.79729279999356,52.48030668261181,157.57856829045926,0,0,66.96373927101999
2025-01-01 13:16:00,49.406672692150174,56.80946064333382,228.65639066206,0,0,65.11113880956309
2025-01-01 13:17:00,60.22251046058936,52.03974143196511,110.70667540329444,0,0,85.88940328444083
2025-01-01 13:18:00,50.42477564195692,70.76007138598598,182.01851637737687,0,0,57.57753466450771
2025-01-01 13:19:00,50.446342092436176,60.21311648671942,215.0553669595871,0,0,58.74412885968031
2025-01-01 13:20:00,106.03281542504367,130.7522758240427,346.17939652232,1,1,59.037796751314346
2025-01-01 13:21:00,42.25932907673939,59.39339186185379,334.65168319902483,0,0,69.32128618300518
2025-01-01 13:22:00,51.44181165411475,52.91593233089537,217.49000122839539,0,0,74.31631629637597
2025-01-01 13:23:00,43.06587066942436,44.862856073871725,149.7972701578995,1,0,77.39675468117834
2025-01-01 13:24:00,43.482556588515266,41.96860323744055,195.22678764554635,0,0,95.7199531749497
2025-01-01 13:25:00,45.36241814797041,44.158640569945106,111.18768332667742,0,0,47.50567545799236
2025-01-01 13:26:00,53.33200657450569,62.67126651011483,195.97001253516197,2,0,76.08735589124417
2025-01-01 13:27:00,42.818770675047844,65.08725023229934,158.34719714996206,0,0,64.42869427427769
2025-01-01 13:28:00,68.83634188360281,44.188092979678665,245.7695137780081,0,0,64.13584851111227
2025-01-01 13:29:00,36.580890466707444,68.95038314076115,172.52298627022327,0,0,63.80227871746122
2025-01-01 13:30:00,47.196925337579614,55.1693894831656,194.16170421023767,0,0,60.91230329192027
2025-01-01 13:31:00,43.40403412588738,61.467930119855495,168.22210792977984,0,0,86.84524834603451
2025-01-01 13:32:00,71.704668265306,76.12220628255425,286.9425675926666,0,0,78.42297327013902
2025-01-01 13:33:00,52.94832164767362,68.96839315865532,183.9378616941044,0,0,70.23195978557375
2025-01-01 13:34:00,65.47766809202952,57.314693520941674,291.6278521739601,0,0,83.51015752487001
2025-01-01 13:35:00,27.71659440444542,51.08807774584713,240.70758810591332,1,0,54.874710347011245
2025-01-01 13:36:00,54.00575398803888,38.48184598670695,224.1033363667693,0,0,56.69294868669074
2025-01-01 13:37:00,63.34446193435156,52.8084668075758,218.436657365876,1,0,48.22032267805312
2025-01-01 13:38:00,51.23425983913136,57.88869761172305,219.6898649108126,1,0,63.00585459876712
2025-01-01 13:39:00,65.98220562598027,50.12820472848816,103.6163710327195,0,0,71.61698526704753
2025-01-01 13:40:00,42.24067324849442,58.68743032907695,186.05583029246216,0,0,71.02858577932334
2025-01-01 13:41:00,71.1402116027837,60.768518829587684,242.25789855921607,0,0,71.49341911059881
2025-01-01 13:42:00,84.48347185428875,57.751440181919214,197.55514082629472,1,0,55.88943168933918
2025-01-01 13:43:00,44.55742159340512,53.4999741917654,129.74050765982125,0,0,78.03154742614022
2025-01-01 13:44:00,43.31746217898842,61.68654671966728,197.37977747112652,0,0,72.39627518238999
2025-01-01 13:45:00,71.80076715676552,64.41940649569409,285.2052758127746,0,0,77.33054281465999
2025-01-01 13:46:00,73.69358218596068,49.096009225571535,262.344585776736,0,0,51.07237822409948
2025-01-01 13:47:00,42.15709959270097,74.10932379746271,196.89979953169842,0,0,73.1149085879779
2025-01-01 13:48:00,43.69719774356214,59.014118677157384,247.57246385290432,0,0,58.12234760082473
2025-01-01 13:49:00,45.773230867092394,60.188496229448475,181.67464898159741,0,0,66.02676747448638
2025-01-01 13:50:00,29.833242334485846,67.08214423256557,114.80642065866405,0,0,75.34364898636383
2025-01-01 13:51:00,36.220220802737025,62.332161312635016,153.77670059352226,1,0,70.91093606255913
2025-01-01 13:52:00,34.93788849871898,69.53136633913245,278.1444384254099,0,0,61.48460020220681
2025-01-01 13:53:00,38.483036523438074,62.87124165201824,186.30034590853478,2,0,70.06273156184419
2025-01-01 13:54:00,49.47972668919828,53.87562625359562,187.8308010312491,0,0,54.68464684756357
2025-01-01 13:55:00,53.51322098804781,63.61503525206102,185.00809018625597,0,0,81.50267395898297
2025-01-01 13:56:00,73.25750739221115,48.56273792679338,295.2068294786503,0,0,67.94715980503749
2025-01-01 13:57:00,35.024689388918134,61.085597057765234,281.29794576810315,0,0,81.18549944255327
2025-01-01 13:58:00,64.76483597714875,59.66770009355539,310.9390116724067,1,0,64.73468312903957
2025-01-01 13:59:00,46.790167336617365,57.918831427274604,192.04773947999743,0,0,64.76424011593417
2025-01-01 14:00:00,49.25804435521351,58.71462488561069,214.78122443735475,1,0,62.35813213362154
2025-01-01 14:01:00,60.122292382499054,41.18150954502361,124.16787252896044,0,0,78.76173931693076
2025-01-01 14:02:00,33.159169676565526,54.512750922590385,273.8467213059137,0,0,62.905688426715244
2025-01-01 14:03:00,55.736146192760756,60.928449011411146,141.61102243660326,0,0,76.44595432415177
2025-01-01 14:04:00,52.49678312319584,61.598563919974005,210.83877818813144,0,0,66.1754760233071
2025-01-01 14:05:00,128.4485473242975,111.29532408705111,324.85473603380683,1,1,50.240367001083804
2025-01-01 14:06:00,54.33752965861727,72.65707840864701,170.5566586630652,1,0,64.29685932213533
2025-01-01 14:07:00,86.82950209866341,51.33825151785499,158.136878447515,0,0,58.208917856371514
2025-01-01 14:08:00,40.43390023623026,69.69457200526736,169.6062369662091,0,0,70.33902723682337
2025-01-01 14:09:00,42.035045674972736,64.27194361871685,173.04386484255107,0,0,58.09592264325509
2025-01-01 14:10:00,40.65289210362853,53.53772690156197,172.58656025374614,0,0,79.25975100714616
2025-01-01 14:11:00,70.12376861787176,130.8524895765527,406.70642244825416,1,1,69.08924139646973
2025-01-01 14:12:00,40.439193090402235,48.0636316824352,144.756860346874,0,0,68.2240400524126
2025-01-01 14:13:00,67.83524796661328,69.19154173610002,211.02707135069335,0,0,76.55892137787583
2025-01-01 14:14:00,71.30756371984782,70.00582318042979,260.8979576152779,0,0,79.63906934075862
2025-01-01 14:15:00,41.438805593757856,53.293797909233554,174.3401817743302,0,0,69.79901248230348
2025-01-01 14:16:00,37.51466640343657,73.92465300064329,164.1040554626199,0,0,62.28799700450709
2025-01-01 14:17:00,57.07123334579606,57.49953485401047,188.47376874098745,0,0,52.260303838878706
2025-01-01 14:18:00,41.716654335785435,62.88693629279857,258.9862604180355,0,0,63.1395024296482
2025-01-01 14:19:00,59.493977266332664,62.603218387712204,209.70538154766788,0,0,63.827877533520386
2025-01-01 14:20:00,53.0438453127695,58.65691258529452,173.4392852696201,0,0,71.07057452992296
2025-01-01 14:21:00,27.263838275041522,68.10808273159782,224.19383255940198,0,0,66.54853118861973
2025-01-01 14:22:00,73.21257801995093,67.93488720552213,144.88539250817882,0,0,76.87932972051428
2025-01-01 14:23:00,76.93816509643283,42.51468026761819,234.0679755221474,0,0,63.87016728729311
2025-01-01 14:24:00,40.80816964273421,73.04340242878152,220.43036538508838,0,0,69.42958833147058
2025-01-01 14:25:00,44.18447660096024,43.37508011964326,184.6095764430558,0,0,81.8398744319689
2025-01-01 14:26:00,54.287980860873574,70.32546204341658,158.07071007763847,0,0,73.41825213954967
2025-01-01 14:27:00,55.01685184980538,71.26705136827583,155.66595388582715,0,0,69.39962458311436
2025-01-01 14:28:00,59.878164090092454,49.09033569784802,226.7408668172955,0,0,63.98055558064823
2025-01-01 14:29:00,80.15306808149525,55.891857120454155,261.4490251244531,1,0,63.66768603285023
2025-01-01 14:30:00,47.34579158758926,48.94295331514064,168.13461264856025,0,0,61.493867470480524
2025-01-01 14:31:00,38.02554133192319,57.850789697112646,222.91933517757423,0,0,64.58993134217101
2025-01-01 14:32:00,29.31021157978209,56.919657158142584,95.64864906989656,0,0,77.55665838744315
2025-01-01 14:33:00,39.036049400871214,67.7966053226934,170.76911346714002,1,0,67.78111728707731
2025-01-01 14:34:00,49.503095406893046,73.10308746119608,198.44705335645492,0,0,56.502269306187685
2025-01-01 14:35:00,76.91836795276681,73.95683810789956,154.5158291509083,2,0,87.68169293059783
2025-01-01 14:36:00,42.235830514457426,54.37831973421698,153.1746812605202,0,0,73.19965191145162
2025-01-01 14:37:00,53.35681927458348,57.90778126255472,166.6110221765557,0,0,55.9305659948683
2025-01-01 14:38:00,49.753656558908716,43.1656180777905,214.60963641631866,0,0,65.58151072759176
2025-01-01 14:39:00,67.82589910172126,51.94129933503811,190.63354907968127,0,0,71.10886382828417
2025-01-01 14:40:00,87.90398638810433,69.64851633097457,88.0884383337514,1,0,87.04592093297377
2025-01-01 14:41:00,42.03696840619519,76.15582823548232,93.9649923682467,0,0,58.91887541741131
2025-01-01 14:42:00,42.658408362226666,47.65651128120078,169.65674110714122,0,0,79.76040719355947
2025-01-01 14:43:00,65.66241315603608,54.075357408471056,222.8843293026776,0,0,83.99486426972344
2025-01-01 14:44:00,60.22837234439467,59.73594243041073,62.62475786373827,0,0,63.7134569492543
2025-01-01 14:45:00,166.07764194592988,134.23245426604566,374.0746432826073,1,1,67.22486381139767
2025-01-01 14:46:00,58.75892277988946,51.90396480078354,173.68760717412894,0,0,59.6369075262623
2025-01-01 14:47:00,44.610618638194104,64.2406104446409,269.41688891042236,2,0,67.96538858919695
2025-01-01 14:48:00,58.85982246038464,55.26160652929084,180.74890941435683,0,0,69.63410025657069
2025-01-01 14:49:00,66.63055370874362,59.855477291217206,219.1494492370464,0,0,76.59649998082371
2025-01-01 14:50:00,62.30723271796046,65.462842480037,207.06285700437317,0,0,80.90183471020447
2025-01-01 14:51:00,57.609110466609465,60.064222698109376,93.47167600963996,0,0,62.519039353783526
2025-01-01 14:52:00,66.00012034383731,55.63614109473431,238.41036083158687,0,0,50.326749357740056
2025-01-01 14:53:00,67.5394338566851,58.90390196074169,210.7698252728144,1,0,69.78755220723758
2025-01-01 14:54:00,70.7323848655629,59.11637040794665,225.41343198372948,0,0,72.9353752996864
2025-01-01 14:55:00,59.73064831384464,56.29988970117872,396.31188532181636,0,0,72.49417687685042
2025-01-01 14:56:00,47.493228795247184,57.41203937332897,95.79435302507058,0,1,66.73326752490956
2025-01-01 14:57:00,52.20070529649984,75.98647170504717,286.2348324880554,2,0,71.24752099663934
2025-01-01 14:58:00,68.09763449762535,65.6091944794124,185.62762402998223,0,0,85.15444808352248
2025-01-01 14:59:00,37.74596493519146,57.045196819708394,214.36644522015047,0,0,73.8173416896251
2025-01-01 15:00:00,55.53009963309352,66.96954404510736,197.7243877349379,0,0,66.26631574996915
2025-01-01 15:01:00,44.09991781508959,56.6618051024399,178.7881833300978,0,0,64.99802182904004
2025-01-01 15:02:00,50.431172344022265,71.73124637586642,171.50835358806205,0,0,68.3014764232227
2025-01-01 15:03:00,69.17677793910948,63.69642192198094,216.47543677865045,0,0,86.3673996183064
2025-01-01 15:04:00,52.86648602029855,58.92697855995771,124.14131516641605,0,0,68.16699290473802
2025-01-01 15:05:00,50.69654822234223,64.47716925810278,237.52895837608827,0,0,69.80205655479293
2025-01-01 15:06:00,29.60215788530121,44.291238479315005,179.1902797557373,0,0,65.17686429063697
2025-01-01 15:07:00,61.193803490408314,48.73232531090195,143.4965330479821,0,0,80.98983357441965
2025-01-01 15:08:00,59.68226271711613,48.060749936009444,177.49935710020932,0,0,89.59837254744676
2025-01-01 15:09:00,82.4488208495819,61.429430947637066,262.85746084312865,0,0,74.50613049431388
2025-01-01 15:10:00,45.38332647570499,77.32514999485092,173.23324564918886,0,0,70.82772903785425
2025-01-01 15:11:00,53.287254914959085,82.31300146192632,217.922680910481,0,0,70.36782833174234
2025-01-01 15:12:00,53.74075525566133,66.38051101440757,163.45218621422634,0,0,46.15693211214254
2025-01-01 15:13:00,73.66179919645211,65.00844474944456,237.89609249618098,0,0,77.45150864284817
2025-01-01 15:14:00,48.57056701419572,41.989422658472606,234.2753869395102,0,0,71.34166415995844
2025-01-01 15:15:00,54.185322886555085,54.57326200265978,292.4304416648206,2,0,74.28342050660726
2025-01-01 15:16:00,59.11844764574809,52.12216248091761,191.22180272503923,0,0,62.88537805916295
2025-01-01 15:17:00,52.79913684734537,53.79152401748884,233.43274023789533,1,0,66.15543121022908
2025-01-01 15:18:00,43.30349578174208,58.318561814152105,204.90337697694721,0,0,65.88975063496827
2025-01-01 15:19:00,52.911349893474615,55.27909422302873,264.79358909315073,0,0,80.21622984073039
2025-01-01 15:20:00,66.10447624789659,40.20700189624212,164.05838061956348,0,0,66.21240163396907
2025-01-01 15:21:00,34.602270508834096,67.47910256117534,237.25026564386405,0,0,90.82660322109797
2025-01-01 15:22:00,51.99454511220314,49.27256974260193,190.2651351941659,0,0,74.30862419015037
2025-01-01 15:23:00,39.4981877759124,62.39246864111149,196.7905911445751,0,0,57.243173400042686
2025-01-01 15:24:00,67.92569943387264,80.74082669749973,204.58762422241864,1,0,68.71453706748044
2025-01-01 15:25:00,27.15219642824338,50.80615408413577,212.61201982133386,0,0,63.48324877843584
2025-01-01 15:26:00,41.61617229092617,34.697124772536704,194.18854784390209,0,0,48.056175301799755
2025-01-01 15:27:00,55.658178125967815,57.139957781198895,210.73565915852632,0,0,85.9947094011379
2025-01-01 15:28:00,73.4828604385151,71.00959634998571,278.90590287810926,0,0,77.03142542220004
2025-01-01 15:29:00,74.42043229770657,120.83623579894719,378.4849664080081,1,1,75.33207317899313
2025-01-01 15:30:00,41.67200709960203,47.70450405547583,243.45772962484483,0,0,71.65403660299704
2025-01-01 15:31:00,78.21735604160885,64.96699223236521,177.22302369880646,1,0,56.17982431307563
2025-01-01 15:32:00,28.27979149375634,55.34689543219947,155.5379585885838,0,0,65.16382860444563
2025-01-01 15:33:00,17.017910650698774,58.94051645695864,247.76502791188764,0,0,78.41780774784013
2025-01-01 15:34:00,56.60021675079999,86.44343347017035,243.8023396264897,0,0,59.487799702174975
2025-01-01 15:35:00,42.46918663471083,44.970296716048466,273.6335337875491,0,0,44.682306837491865
2025-01-01 15:36:00,34.681507743039305,62.537396614945735,169.80096870153852,0,0,67.72893992219073
2025-01-01 15:37:00,60.6253467094903,64.67693171765433,188.52256723198263,0,0,68.58242445972462
2025-01-01 15:38:00,53.65701070656798,70.85786324939347,118.0257918737283,0,0,71.35563416414709
2025-01-01 15:39:00,41.538820538949075,60.97983153470896,180.37644469695636,0,0,77.28518643514536
2025-01-01 15:40:00,30.795434019936582,63.08050539504102,249.82852552897236,0,0,76.37605812231209
2025-01-01 15:41:00,63.08685992420217,56.08351432578209,176.6752310385901,2,1,72.58769805243922
2025-01-01 15:42:00,59.753017669379915,62.69126941245107,232.0239897600412,0,0,81.9553138808671
2025-01-01 15:43:00,48.51236204330926,56.5680772450259,190.47484470010943,0,0,54.81030219186685
2025-01-01 15:44:00,77.69955494071499,66.21571889856051,216.20285141107803,0,0,75.0458181447739
2025-01-01 15:45:00,33.94872850510771,56.30389663956366,142.61543050921665,0,1,76.26538363336942
2025-01-01 15:46:00,27.117122436128916,63.77100393902187,204.26047248169505,0,1,57.6043771391976
2025-01-01 15:47:00,39.62137895178133,59.707371863150215,50.44320145496383,0,0,54.971293913176105
2025-01-01 15:48:00,49.31620975466753,71.26050250772168,190.65519209190074,0,0,62.54057873524398
2025-01-01 15:49:00,53.65009173984038,59.48606276411514,118.476337814243,0,0,63.38458557484708
2025-01-01 15:50:00,46.38145913215505,42.26967531793119,260.2997258273408,0,0,77.5341946350243
2025-01-01 15:51:00,55.28083094771445,72.61921500713991,238.87036763822556,0,0,63.85461216308905
2025-01-01 15:52:00,31.22690863714334,50.94267699137381,223.33354909830405,1,0,61.43651481718796
2025-01-01 15:53:00,71.65646906109889,53.4623366135118,276.050311357969,1,0,63.883662633054406
2025-01-01 15:54:00,48.76773232411147,54.04338705956508,152.55417395875813,0,0,81.18632334154212
2025-01-01 15:55:00,66.75943747382192,73.74438093170818,287.3681598957779,0,0,70.13043374376952
2025-01-01 15:56:00,55.14088019566556,38.64325786021304,246.60957821301923,0,0,68.20748974643088
2025-01-01 15:57:00,56.85129828730676,91.37748533659993,188.1722356390527,2,0,68.89994501298949
2025-01-01 15:58:00,58.546509203483055,70.56056809066052,256.7810073591472,0,0,82.92060334326523
2025-01-01 15:59:00,56.715628400259725,62.2323891412916,144.6853243794183,2,0,62.50828273396758
2025-01-01 16:00:00,59.64084139801316,59.451059993837134,158.77429192361632,0,0,83.15508290940105
2025-01-01 16:01:00,69.93728795198646,62.85554074857657,169.570513838015,0,0,72.10496298921504
2025-01-01 16:02:00,52.94781754552205,65.21122428379338,173.55111459679924,0,0,68.39580618024652
2025-01-01 16:03:00,60.63505636382769,66.45215585950056,147.17211786198737,2,0,95.00900497934282
2025-01-01 16:04:00,48.6539645856916,65.55604466003449,261.15415335476627,1,0,59.44360510201403
2025-01-01 16:05:00,71.6017582317421,60.895806812552486,187.05727998150843,0,0,66.46314240432994
2025-01-01 16:06:00,39.85411546911095,58.02661579692674,217.62524841784398,0,0,57.67568760835999
2025-01-01 16:07:00,77.01410649366224,58.487267163464885,171.48243167931597,0,0,79.52461970536169
2025-01-01 16:08:00,49.39763074033485,58.05091719647319,108.96983497257415,0,0,86.89188933651678
2025-01-01 16:09:00,28.538373468229278,71.33770096867065,213.50286791957112,0,0,86.6992278140464
2025-01-01 16:10:00,51.92156622366184,65.93556722280861,104.38725122901116,0,0,82.23948753146004
2025-01-01 16:11:00,39.78422513787679,30.596113653357197,196.56829769572656,0,0,68.02379532204034
2025-01-01 16:12:00,62.60965323483086,66.55900776529761,131.5842480583595,0,0,66.34759022510154
2025-01-01 16:13:00,40.210640310464136,61.94736194718775,299.3637999615404,0,0,53.28830227505935
2025-01-01 16:14:00,43.307248501778304,59.81291243554102,245.5681361087361,0,0,90.35873535181793
2025-01-01 16:15:00,21.656889035817034,56.11481546911114,205.28768956357402,0,0,74.68978078148467
2025-01-01 16:16:00,43.21540521126385,71.24112719986013,263.1853338827334,0,0,65.08043095130517
2025-01-01 16:17:00,13.64181010056565,69.47526462122858,157.68420112671322,0,0,83.28056888986967
2025-01-01 16:18:00,26.24145764771415,52.27122332176391,227.17396893350465,0,0,60.27235483239999
2025-01-01 16:19:00,61.40621984216446,64.07052287124534,209.99052168593568,0,0,74.06622034222674
2025-01-01 16:20:00,61.787002379762484,50.28343265458714,213.2010040666835,0,0,68.27370865709165
2025-01-01 16:21:00,56.38186342677447,46.203818352110694,263.6176750053384,0,0,76.386771398803
2025-01-01 16:22:00,35.495357853061805,53.73282775410035,236.62460513899012,0,0,69.36426460813878
2025-01-01 16:23:00,49.2843296578703,68.62393472382759,214.43618314125115,0,0,55.49072108888776
2025-01-01 16:24:00,49.945961913641476,69.53125045376086,117.25562818858519,1,0,70.75576372670038
2025-01-01 16:25:00,32.624529662111854,65.13085420097293,151.99768523602683,1,0,80.48864141875362
2025-01-01 16:26:00,72.55097452650726,67.25095786847997,193.8645533202138,0,1,69.70783594146015
2025-01-01 16:27:00,63.16043435863507,65.16178287114958,204.66861871383256,0,0,77.75115121589086
2025-01-01 16:28:00,46.68553739255504,53.585184047770476,143.48981376630383,0,0,59.54470514325947
2025-01-01 16:29:00,50.40328758491796,64.31922544673941,320.5838337789211,2,0,69.73739206730149
2025-01-01 16:30:00,53.125742119213285,68.00409525227683,275.8197027626786,0,0,63.75489544911423
2025-01-01 16:31:00,19.373976973635642,67.54291329813574,230.10591601962417,0,0,77.4698084010471
2025-01-01 16:32:00,46.29233926219105,71.88913371474644,203.60184306418725,0,0,70.31491562261996
2025-01-01 16:33:00,39.77023628003302,67.08303847201064,189.3895515049424,0,0,76.90073676336613
2025-01-01 16:34:00,34.975699851576266,63.51448207541583,152.40407699888823,0,0,80.87710426157867
2025-01-01 16:35:00,45.78349560671067,70.70150238316427,203.87402592594313,0,1,76.91618575121389
2025-01-01 16:36:00,76.96529790274283,59.7347874075094,212.88762700713752,0,0,72.73118434293644
2025-01-01 16:37:00,59.61264291900515,51.18125348772282,137.9119712259188,0,0,60.017877414885945
2025-01-01 16:38:00,41.432315153258045,58.36933036056236,216.70882086224486,0,0,69.97213889333099
2025-01-01 16:39:00,58.58874172034238,52.55097355193551,192.23704755876255,0,0,64.66909597984167
